base,digits,attractor_id,cycle,cycle_length,kind,basin_size_all,basin_percentage_all,basin_size_valid,basin_percentage_valid,repdigit_basin_size,maximum_transient_depth_all,maximum_transient_depth_valid
2,2,00,00 -> 00,1,fixed point,2,50.0,0,0.0,2,1,
2,2,01,01 -> 01,1,fixed point,2,50.0,2,100.0,0,1,1
2,3,000,000 -> 000,1,fixed point,2,25.0,0,0.0,2,1,
2,3,011,011 -> 011,1,fixed point,6,75.0,6,100.0,0,1,1
2,4,0000,0000 -> 0000,1,fixed point,2,12.5,0,0.0,2,1,
2,4,0111,0111 -> 0111,1,fixed point,8,50.0,8,57.142857142857146,0,1,1
2,4,1001,1001 -> 1001,1,fixed point,6,37.5,6,42.857142857142854,0,1,1
2,5,00000,00000 -> 00000,1,fixed point,2,6.25,0,0.0,2,1,
2,5,01111,01111 -> 01111,1,fixed point,10,31.25,10,33.333333333333336,0,1,1
2,5,10101,10101 -> 10101,1,fixed point,20,62.5,20,66.66666666666667,0,1,1
2,6,000000,000000 -> 000000,1,fixed point,2,3.125,0,0.0,2,1,
2,6,011111,011111 -> 011111,1,fixed point,12,18.75,12,19.35483870967742,0,1,1
2,6,101101,101101 -> 101101,1,fixed point,30,46.875,30,48.38709677419355,0,1,1
2,6,110001,110001 -> 110001,1,fixed point,20,31.25,20,32.25806451612903,0,1,1
3,2,00,00 -> 00,1,fixed point,9,100.0,6,100.0,3,3,3
3,3,000,000 -> 000,1,fixed point,3,11.11111111111111,0,0.0,3,1,
3,3,022 -> 121,022 -> 121 -> 022,2,non-trivial cycle,24,88.88888888888889,24,100.0,0,1,1
3,4,0000,0000 -> 0000,1,fixed point,3,3.7037037037037037,0,0.0,3,1,
3,4,1012 -> 1221,1012 -> 1221 -> 1012,2,non-trivial cycle,78,96.29629629629629,78,100.0,0,2,2
3,5,00000,00000 -> 00000,1,fixed point,3,1.2345679012345678,0,0.0,3,1,
3,5,20211,20211 -> 20211,1,fixed point,240,98.76543209876543,240,100.0,0,4,4
3,6,000000,000000 -> 000000,1,fixed point,3,0.411522633744856,0,0.0,3,1,
3,6,102212 -> 210111 -> 122221,102212 -> 210111 -> 122221 -> 102212,3,non-trivial cycle,726,99.58847736625515,726,100.0,0,3,3
4,2,00,00 -> 00,1,fixed point,4,25.0,0,0.0,4,1,
4,2,03 -> 21,03 -> 21 -> 03,2,non-trivial cycle,12,75.0,12,100.0,0,2,2
4,3,000,000 -> 000,1,fixed point,4,6.25,0,0.0,4,1,
4,3,132,132 -> 132,1,fixed point,60,93.75,60,100.0,0,3,3
4,4,0000,0000 -> 0000,1,fixed point,4,1.5625,0,0.0,4,1,
4,4,1332 -> 2022,1332 -> 2022 -> 1332,2,non-trivial cycle,168,65.625,168,66.66666666666667,0,3,3
4,4,3021,3021 -> 3021,1,fixed point,84,32.8125,84,33.333333333333336,0,3,3
4,5,00000,00000 -> 00000,1,fixed point,4,0.390625,0,0.0,4,1,
4,5,20322 -> 23331,20322 -> 23331 -> 20322,2,non-trivial cycle,1020,99.609375,1020,100.0,0,4,4
4,6,000000,000000 -> 000000,1,fixed point,4,0.09765625,0,0.0,4,1,
4,6,213312,213312 -> 213312,1,fixed point,240,5.859375,240,5.865102639296188,0,1,1
4,6,310221,310221 -> 310221,1,fixed point,3532,86.23046875,3532,86.3147605083089,0,6,6
4,6,330201,330201 -> 330201,1,fixed point,320,7.8125,320,7.820136852394917,0,2,2
5,2,00,00 -> 00,1,fixed point,9,36.0,4,20.0,5,2,2
5,2,13,13 -> 13,1,fixed point,16,64.0,16,80.0,0,3,3
5,3,000,000 -> 000,1,fixed point,5,4.0,0,0.0,5,1,
5,3,143 -> 242,143 -> 242 -> 143,2,non-trivial cycle,120,96.0,120,100.0,0,3,3
5,4,0000,0000 -> 0000,1,fixed point,5,0.8,0,0.0,5,1,
5,4,3032,3032 -> 3032,1,fixed point,620,99.2,620,100.0,0,4,4
5,5,00000,00000 -> 00000,1,fixed point,5,0.16,0,0.0,5,1,
5,5,30432 -> 40431 -> 42411 -> 32412,30432 -> 40431 -> 42411 -> 32412 -> 30432,4,non-trivial cycle,3120,99.84,3120,100.0,0,3,3
5,6,000000,000000 -> 000000,1,fixed point,5,0.032,0,0.0,5,1,
5,6,214423 -> 320322 -> 304432 -> 414421 -> 331212,214423 -> 320322 -> 304432 -> 414421 -> 331212 -> 214423,5,non-trivial cycle,15620,99.968,15620,100.0,0,5,5
6,2,00,00 -> 00,1,fixed point,6,16.666666666666668,0,0.0,6,1,
6,2,05 -> 41 -> 23,05 -> 41 -> 23 -> 05,3,non-trivial cycle,30,83.33333333333333,30,100.0,0,2,2
6,3,000,000 -> 000,1,fixed point,6,2.7777777777777777,0,0.0,6,1,
6,3,253,253 -> 253,1,fixed point,210,97.22222222222223,210,100.0,0,4,4
6,4,0000,0000 -> 0000,1,fixed point,6,0.46296296296296297,0,0.0,6,1,
6,4,1554 -> 4042 -> 4132 -> 3043 -> 3552 -> 3133,1554 -> 4042 -> 4132 -> 3043 -> 3552 -> 3133 -> 1554,6,non-trivial cycle,1290,99.53703703703704,1290,100.0,0,4,4
6,5,00000,00000 -> 00000,1,fixed point,6,0.07716049382716049,0,0.0,6,1,
6,5,31533 -> 35552,31533 -> 35552 -> 31533,2,non-trivial cycle,2330,29.963991769547324,2330,29.987129987129986,0,3,3
6,5,41532,41532 -> 41532,1,fixed point,5440,69.95884773662551,5440,70.01287001287001,0,6,6
6,6,000000,000000 -> 000000,1,fixed point,6,0.01286008230452675,0,0.0,6,1,
6,6,205544 -> 525521 -> 432222,205544 -> 525521 -> 432222 -> 205544,3,non-trivial cycle,26760,57.3559670781893,26760,57.363344051446944,0,7,7
6,6,325523,325523 -> 325523,1,fixed point,630,1.3503086419753085,630,1.3504823151125402,0,1,1
6,6,420432,420432 -> 420432,1,fixed point,13200,28.292181069958847,13200,28.29581993569132,0,5,5
6,6,530421,530421 -> 530421,1,fixed point,6060,12.988683127572017,6060,12.990353697749196,0,3,3
7,2,00,00 -> 00,1,fixed point,49,100.0,42,100.0,7,4,4
7,3,000,000 -> 000,1,fixed point,7,2.0408163265306123,0,0.0,7,1,
7,3,264 -> 363,264 -> 363 -> 264,2,non-trivial cycle,336,97.95918367346938,336,100.0,0,4,4
7,4,0000,0000 -> 0000,1,fixed point,7,0.2915451895043732,0,0.0,7,1,
7,4,3054 -> 5052 -> 5232,3054 -> 5052 -> 5232 -> 3054,3,non-trivial cycle,2394,99.70845481049562,2394,100.0,0,4,4
7,5,00000,00000 -> 00000,1,fixed point,7,0.04164931278633902,0,0.0,7,1,
7,5,40653 -> 61641 -> 54612 -> 52632 -> 42633,40653 -> 61641 -> 54612 -> 52632 -> 42633 -> 40653,5,non-trivial cycle,16800,99.95835068721367,16800,100.0,0,6,6
7,6,000000,000000 -> 000000,1,fixed point,7,0.005949901826619861,0,0.0,7,1,
7,6,320544 -> 520542 -> 531432 -> 416643 -> 526632 -> 441423,320544 -> 520542 -> 531432 -> 416643 -> 526632 -> 441423 -> 320544,6,non-trivial cycle,117642,99.99405009817337,117642,100.0,0,7,7
8,2,00,00 -> 00,1,fixed point,8,12.5,0,0.0,8,1,
8,2,07 -> 61 -> 43,07 -> 61 -> 43 -> 07,3,non-trivial cycle,42,65.625,42,75.0,0,2,2
8,2,25,25 -> 25,1,fixed point,14,21.875,14,25.0,0,2,2
8,3,000,000 -> 000,1,fixed point,8,1.5625,0,0.0,8,1,
8,3,374,374 -> 374,1,fixed point,504,98.4375,504,100.0,0,5,5
8,4,0000,0000 -> 0000,1,fixed point,8,0.1953125,0,0.0,8,1,
8,4,1776 -> 6062 -> 6332 -> 3774 -> 4244,1776 -> 6062 -> 6332 -> 3774 -> 4244 -> 1776,5,non-trivial cycle,2768,67.578125,2768,67.71037181996086,0,5,5
8,4,3065 -> 6152 -> 5243,3065 -> 6152 -> 5243 -> 3065,3,non-trivial cycle,1320,32.2265625,1320,32.28962818003914,0,4,4
8,5,00000,00000 -> 00000,1,fixed point,8,0.0244140625,0,0.0,8,1,
8,5,42744 -> 47773,42744 -> 47773 -> 42744,2,non-trivial cycle,1910,5.828857421875,1910,5.83028083028083,0,2,2
8,5,51753 -> 61752 -> 63732 -> 52743,51753 -> 61752 -> 63732 -> 52743 -> 51753,4,non-trivial cycle,30850,94.146728515625,30850,94.16971916971917,0,8,8
8,6,000000,000000 -> 000000,1,fixed point,8,0.0030517578125,0,0.0,8,1,
8,6,310665 -> 651522 -> 532443,310665 -> 651522 -> 532443 -> 310665,3,non-trivial cycle,28564,10.89630126953125,28564,10.896633808404797,0,5,5
8,6,437734,437734 -> 437734,1,fixed point,1200,0.457763671875,1200,0.45777764213995786,0,1,1
8,6,640632,640632 -> 640632,1,fixed point,232372,88.64288330078125,232372,88.64558854945524,0,16,16
9,2,00,00 -> 00,1,fixed point,17,20.987654320987655,8,11.11111111111111,9,2,2
9,2,17 -> 53,17 -> 53 -> 17,2,non-trivial cycle,64,79.01234567901234,64,88.88888888888889,0,3,3
9,3,000,000 -> 000,1,fixed point,9,1.2345679012345678,0,0.0,9,1,
9,3,385 -> 484,385 -> 484 -> 385,2,non-trivial cycle,720,98.76543209876543,720,100.0,0,5,5
9,4,0000,0000 -> 0000,1,fixed point,9,0.13717421124828533,0,0.0,9,1,
9,4,3076 -> 7252 -> 5254,3076 -> 7252 -> 5254 -> 3076,3,non-trivial cycle,3308,50.41914342325865,3308,50.48840048840049,0,3,3
9,4,5074 -> 7072 -> 7432,5074 -> 7072 -> 7432 -> 5074,3,non-trivial cycle,3244,49.44368236549307,3244,49.51159951159951,0,4,4
9,5,00000,00000 -> 00000,1,fixed point,9,0.015241579027587259,0,0.0,9,1,
9,5,52854 -> 60873 -> 83841 -> 74832 -> 63843,52854 -> 60873 -> 83841 -> 74832 -> 63843 -> 52854,5,non-trivial cycle,54870,92.92282680485698,54870,92.9369918699187,0,7,7
9,5,62853,62853 -> 62853,1,fixed point,4170,7.061931616115429,4170,7.063008130081301,0,2,2
9,6,000000,000000 -> 000000,1,fixed point,9,0.0016935087808430287,0,0.0,9,1,
9,6,308876 -> 850731 -> 861621 -> 753432 -> 520764 -> 740742 -> 748832 -> 652533 -> 421665 -> 540744 -> 708872 -> 858821 -> 762522 -> 542544,308876 -> 850731 -> 861621 -> 753432 -> 520764 -> 740742 -> 748832 -> 652533 -> 421665 -> 540744 -> 708872 -> 858821 -> 762522 -> 542544 -> 308876,14,non-trivial cycle,531432,99.99830649121915,531432,100.0,0,8,8
10,2,00,00 -> 00,1,fixed point,10,10.0,0,0.0,10,1,
10,2,09 -> 81 -> 63 -> 27 -> 45,09 -> 81 -> 63 -> 27 -> 45 -> 09,5,non-trivial cycle,90,90.0,90,100.0,0,2,2
10,3,000,000 -> 000,1,fixed point,10,1.0,0,0.0,10,1,
10,3,495,495 -> 495,1,fixed point,990,99.0,990,100.0,0,6,6
10,4,0000,0000 -> 0000,1,fixed point,10,0.1,0,0.0,10,1,
10,4,6174,6174 -> 6174,1,fixed point,9990,99.9,9990,100.0,0,7,7
10,5,00000,00000 -> 00000,1,fixed point,10,0.01,0,0.0,10,1,
10,5,53955 -> 59994,53955 -> 59994 -> 53955,2,non-trivial cycle,3190,3.19,3190,3.1903190319031904,0,2,2
10,5,61974 -> 82962 -> 75933 -> 63954,61974 -> 82962 -> 75933 -> 63954 -> 61974,4,non-trivial cycle,48480,48.48,48480,48.484848484848484,0,6,6
10,5,62964 -> 71973 -> 83952 -> 74943,62964 -> 71973 -> 83952 -> 74943 -> 62964,4,non-trivial cycle,48320,48.32,48320,48.32483248324832,0,6,6
10,6,000000,000000 -> 000000,1,fixed point,10,0.001,0,0.0,10,1,
10,6,420876 -> 851742 -> 750843 -> 840852 -> 860832 -> 862632 -> 642654,420876 -> 851742 -> 750843 -> 840852 -> 860832 -> 862632 -> 642654 -> 420876,7,non-trivial cycle,935520,93.552,935520,93.5529355293553,0,13,13
10,6,549945,549945 -> 549945,1,fixed point,1950,0.195,1950,0.1950019500195002,0,1,1
10,6,631764,631764 -> 631764,1,fixed point,62520,6.252,62520,6.2520625206252065,0,4,4
11,2,00,00 -> 00,1,fixed point,41,33.88429752066116,30,27.272727272727273,11,3,3
11,2,37,37 -> 37,1,fixed point,80,66.11570247933884,80,72.72727272727273,0,4,4
11,3,000,000 -> 000,1,fixed point,11,0.8264462809917356,0,0.0,11,1,
11,3,4A6 -> 5A5,4A6 -> 5A5 -> 4A6,2,non-trivial cycle,1320,99.17355371900827,1320,100.0,0,6,6
11,4,0000,0000 -> 0000,1,fixed point,11,0.07513148009015777,0,0.0,11,1,
11,4,3098 -> 9452 -> 7094 -> 9272 -> 7454,3098 -> 9452 -> 7094 -> 9272 -> 7454 -> 3098,5,non-trivial cycle,7108,48.54859640734922,7108,48.5850991114149,0,3,3
11,4,5096 -> 9092 -> 9632 -> 7274 -> 5276,5096 -> 9092 -> 9632 -> 7274 -> 5276 -> 5096,5,non-trivial cycle,7522,51.37627211256062,7522,51.4149008885851,0,4,4
11,5,00000,00000 -> 00000,1,fixed point,11,0.006830134553650707,0,0.0,11,1,
11,5,72A74 -> 82A73 -> 84A53 -> 73A64,72A74 -> 82A73 -> 84A53 -> 73A64 -> 72A74,4,non-trivial cycle,161040,99.99316986544635,161040,100.0,0,8,8
11,6,000000,000000 -> 000000,1,fixed point,11,0.0006209213230591551,0,0.0,11,1,
11,6,531876 -> 740964 -> 931872 -> 863643,531876 -> 740964 -> 931872 -> 863643 -> 531876,4,non-trivial cycle,1771550,99.99937907867694,1771550,100.0,0,17,17
12,2,00,00 -> 00,1,fixed point,12,8.333333333333334,0,0.0,12,1,
12,2,0B -> A1 -> 83 -> 47 -> 29 -> 65,0B -> A1 -> 83 -> 47 -> 29 -> 65 -> 0B,6,non-trivial cycle,132,91.66666666666667,132,100.0,0,2,2
12,3,000,000 -> 000,1,fixed point,12,0.6944444444444444,0,0.0,12,1,
12,3,5B6,5B6 -> 5B6,1,fixed point,1716,99.30555555555556,1716,100.0,0,7,7
12,4,0000,0000 -> 0000,1,fixed point,12,0.05787037037037037,0,0.0,12,1,
12,4,3BB8 -> 8284 -> 6376,3BB8 -> 8284 -> 6376 -> 3BB8,3,non-trivial cycle,4712,22.723765432098766,4712,22.73692337386605,0,5,5
12,4,4198 -> 8374 -> 5287 -> 6196 -> 7BB4 -> 7375,4198 -> 8374 -> 5287 -> 6196 -> 7BB4 -> 7375 -> 4198,6,non-trivial cycle,16012,77.21836419753086,16012,77.26307662613395,0,7,7
12,5,00000,00000 -> 00000,1,fixed point,12,0.004822530864197531,0,0.0,12,1,
12,5,64B66 -> 6BBB5,64B66 -> 6BBB5 -> 64B66,2,non-trivial cycle,4790,1.9249935699588476,4790,1.9250864078450285,0,2,2
12,5,83B74,83B74 -> 83B74,1,fixed point,244030,98.07018389917695,244030,98.07491359215497,0,12,12
12,6,000000,000000 -> 000000,1,fixed point,12,0.0004018775720164609,0,0.0,12,1,
12,6,420A98 -> A73742 -> 842874 -> 642876 -> 62BB86 -> 951963 -> 860A54 -> A40A72 -> A82832 -> 864654,420A98 -> A73742 -> 842874 -> 642876 -> 62BB86 -> 951963 -> 860A54 -> A40A72 -> A82832 -> 864654 -> 420A98,10,non-trivial cycle,2983092,99.90314750514403,2983092,99.90354899510109,0,19,19
12,6,65BB56,65BB56 -> 65BB56,1,fixed point,2880,0.09645061728395062,2880,0.09645100489890729,0,1,1
13,2,00,00 -> 00,1,fixed point,25,14.792899408284024,12,7.6923076923076925,13,2,2
13,2,1B -> 93 -> 57,1B -> 93 -> 57 -> 1B,3,non-trivial cycle,144,85.20710059171597,144,92.3076923076923,0,3,3
13,3,000,000 -> 000,1,fixed point,13,0.591715976331361,0,0.0,13,1,
13,3,5C7 -> 6C6,5C7 -> 6C6 -> 5C7,2,non-trivial cycle,2184,99.40828402366864,2184,100.0,0,7,7
13,4,0000,0000 -> 0000,1,fixed point,13,0.04551661356395084,0,0.0,13,1,
13,4,30BA -> B652 -> 90B4 -> B472 -> 9294 -> 7476,30BA -> B652 -> 90B4 -> B472 -> 9294 -> 7476 -> 30BA,6,non-trivial cycle,11340,39.704492139630965,11340,39.722572509457756,0,3,3
13,4,50B8 -> B292 -> 9654,50B8 -> B292 -> 9654 -> 50B8,3,non-trivial cycle,5502,19.264031371450578,5502,19.272803699033208,0,3,3
13,4,5298 -> 7296 -> 70B6 -> B0B2 -> B832 -> 9474,5298 -> 7296 -> 70B6 -> B0B2 -> B832 -> 9474 -> 5298,6,non-trivial cycle,11706,40.9859598753545,11706,41.00462379150904,0,4,4
13,5,00000,00000 -> 00000,1,fixed point,13,0.0035012779664577573,0,0.0,13,1,
13,5,83C85 -> 92C94 -> A4C73 -> 95C64,83C85 -> 92C94 -> A4C73 -> 95C64 -> 83C85,4,non-trivial cycle,371280,99.99649872203354,371280,100.0,0,12,12
13,6,000000,000000 -> 000000,1,fixed point,13,0.0002693290743429044,0,0.0,13,1,
13,6,951A74,951A74 -> 951A74,1,fixed point,4826796,99.99973067092566,4826796,100.0,0,20,20
14,2,00,00 -> 00,1,fixed point,14,7.142857142857143,0,0.0,14,1,
14,2,0D -> C1 -> A3 -> 67,0D -> C1 -> A3 -> 67 -> 0D,4,non-trivial cycle,104,53.06122448979592,104,57.142857142857146,0,2,2
14,2,2B -> 85,2B -> 85 -> 2B,2,non-trivial cycle,52,26.53061224489796,52,28.571428571428573,0,2,2
14,2,49,49 -> 49,1,fixed point,26,13.26530612244898,26,14.285714285714286,0,2,2
14,3,000,000 -> 000,1,fixed point,14,0.5102040816326531,0,0.0,14,1,
14,3,6D7,6D7 -> 6D7,1,fixed point,2730,99.48979591836735,2730,100.0,0,8,8
14,4,0000,0000 -> 0000,1,fixed point,14,0.03644314868804665,0,0.0,14,1,
14,4,61B8 -> A1B4 -> A574,61B8 -> A1B4 -> A574 -> 61B8,3,non-trivial cycle,38402,99.96355685131195,38402,100.0,0,9,9
14,5,00000,00000 -> 00000,1,fixed point,14,0.002603082049146189,0,0.0,14,1,
14,5,75D77 -> 7DDD6,75D77 -> 7DDD6 -> 75D77,2,non-trivial cycle,6710,1.2476200392693522,6710,1.2476525166880497,0,2,2
14,5,93D95 -> A3D94 -> A5D74 -> 94D85,93D95 -> A3D94 -> A5D74 -> 94D85 -> 93D95,4,non-trivial cycle,531100,98.7497768786815,531100,98.75234748331195,0,11,11
14,6,000000,000000 -> 000000,1,fixed point,14,0.00018593443208187065,0,0.0,14,1,
14,6,530CA9 -> C73962 -> A60C74 -> C60C72 -> CA0C32 -> CA6632 -> A6DD64 -> 973965 -> 640C98 -> C51B82 -> B92A43 -> 974865,530CA9 -> C73962 -> A60C74 -> C60C72 -> CA0C32 -> CA6632 -> A6DD64 -> 973965 -> 640C98 -> C51B82 -> B92A43 -> 974865 -> 530CA9,12,non-trivial cycle,6300812,83.68127863390254,6300812,83.68143422650203,0,29,29
14,6,76DD67,76DD67 -> 76DD67,1,fixed point,3990,0.052991313143333135,3990,0.05299141167261348,0,1,1
14,6,A40C94 -> C64872,A40C94 -> C64872 -> A40C94,2,non-trivial cycle,232920,3.093417708607808,232920,3.0934234603471507,0,3,3
14,6,A80C54 -> C62A72,A80C54 -> C62A72 -> A80C54,2,non-trivial cycle,991800,13.172126409914236,991800,13.172150901478208,0,8,8
15,2,00,00 -> 00,1,fixed point,225,100.0,210,100.0,15,5,5
15,3,000,000 -> 000,1,fixed point,15,0.4444444444444444,0,0.0,15,1,
15,3,6E8 -> 7E7,6E8 -> 7E7 -> 6E8,2,non-trivial cycle,3360,99.55555555555556,3360,100.0,0,8,8
15,4,0000,0000 -> 0000,1,fixed point,15,0.02962962962962963,0,0.0,15,1,
15,4,30DC -> D852 -> B2B4 -> 9676,30DC -> D852 -> B2B4 -> 9676 -> 30DC,4,non-trivial cycle,10052,19.855802469135803,10052,19.861687413554634,0,3,3
15,4,50DA -> D492 -> B494 -> 7498,50DA -> D492 -> B494 -> 7498 -> 50DA,4,non-trivial cycle,9490,18.74567901234568,9490,18.75123493380755,0,3,3
15,4,52BA -> 9496,52BA -> 9496 -> 52BA,2,non-trivial cycle,5170,10.212345679012346,5170,10.215372456036356,0,3,3
15,4,70D8 -> D0D2 -> DA32 -> B674,70D8 -> D0D2 -> DA32 -> B674 -> 70D8,4,non-trivial cycle,9640,19.041975308641977,9640,19.047619047619047,0,4,4
15,4,72B8 -> 90D6 -> D2B2 -> B854,72B8 -> 90D6 -> D2B2 -> B854 -> 72B8,4,non-trivial cycle,9538,18.840493827160493,9538,18.84607785022723,0,3,3
15,4,92B6,92B6 -> 92B6,1,fixed point,2160,4.266666666666667,2160,4.267931238885596,0,2,2
15,4,B0D4 -> D672,B0D4 -> D672 -> B0D4,2,non-trivial cycle,4560,9.007407407407408,4560,9.010077059869591,0,2,2
15,5,00000,00000 -> 00000,1,fixed point,15,0.0019753086419753087,0,0.0,15,1,
15,5,A4E95,A4E95 -> A4E95,1,fixed point,759360,99.99802469135803,759360,100.0,0,13,13
15,6,000000,000000 -> 000000,1,fixed point,15,0.00013168724279835392,0,0.0,15,1,
15,6,41EECB -> DA0D42 -> DB5832 -> B82B64 -> 971C76 -> B2EEB4 -> C9EE43 -> BA2B44 -> 975876,41EECB -> DA0D42 -> DB5832 -> B82B64 -> 971C76 -> B2EEB4 -> C9EE43 -> BA2B44 -> 975876 -> 41EECB,9,non-trivial cycle,9255012,81.2511341563786,9255012,81.25124115389782,0,14,14
15,6,960D86 -> D31CB2 -> CA7643,960D86 -> D31CB2 -> CA7643 -> 960D86,3,non-trivial cycle,2135598,18.7487341563786,2135598,18.748758846102184,0,13,13
16,2,00,00 -> 00,1,fixed point,16,6.25,0,0.0,16,1,
16,2,0F -> E1 -> C3 -> 87,0F -> E1 -> C3 -> 87 -> 0F,4,non-trivial cycle,120,46.875,120,50.0,0,2,2
16,2,2D -> A5 -> 4B -> 69,2D -> A5 -> 4B -> 69 -> 2D,4,non-trivial cycle,120,46.875,120,50.0,0,2,2
16,3,000,000 -> 000,1,fixed point,16,0.390625,0,0.0,16,1,
16,3,7F8,7F8 -> 7F8,1,fixed point,4080,99.609375,4080,100.0,0,9,9
16,4,0000,0000 -> 0000,1,fixed point,16,0.0244140625,0,0.0,16,1,
16,4,1FFE -> E0E2 -> EB32 -> C774 -> 7FF8 -> 8688,1FFE -> E0E2 -> EB32 -> C774 -> 7FF8 -> 8688 -> 1FFE,6,non-trivial cycle,31536,48.1201171875,31536,48.13186813186813,0,6,6
16,4,30ED -> E952 -> C3B4 -> 9687,30ED -> E952 -> C3B4 -> 9687 -> 30ED,4,non-trivial cycle,14928,22.7783203125,14928,22.783882783882785,0,4,4
16,4,3FFC -> C2C4 -> A776,3FFC -> C2C4 -> A776 -> 3FFC,3,non-trivial cycle,12528,19.1162109375,12528,19.12087912087912,0,6,6
16,4,52CB -> A596,52CB -> A596 -> 52CB,2,non-trivial cycle,6528,9.9609375,6528,9.963369963369964,0,4,4
16,5,00000,00000 -> 00000,1,fixed point,16,0.00152587890625,0,0.0,16,1,
16,5,86F88 -> 8FFF7,86F88 -> 8FFF7 -> 86F88,2,non-trivial cycle,8950,0.8535385131835938,8950,0.8535515373464561,0,2,2
16,5,A3FB6 -> C4FA4 -> B7F75,A3FB6 -> C4FA4 -> B7F75 -> A3FB6,3,non-trivial cycle,719230,68.59111785888672,719230,68.59216449225605,0,10,10
16,5,A4FA6 -> B3FB5 -> C5F94 -> B6F85,A4FA6 -> B3FB5 -> C5F94 -> B6F85 -> A4FA6,4,non-trivial cycle,320380,30.553817749023438,320380,30.5542839703975,0,6,6
16,6,000000,000000 -> 000000,1,fixed point,16,9.5367431640625e-05,0,0.0,16,1,
16,6,310EED -> ED9522 -> CB3B44 -> 976887,310EED -> ED9522 -> CB3B44 -> 976887 -> 310EED,4,non-trivial cycle,103680,0.61798095703125,103680,0.6179815463843789,0,3,3
16,6,532CCB -> A95966,532CCB -> A95966 -> 532CCB,2,non-trivial cycle,43160,0.25725364685058594,43160,0.2572538921870157,0,2,2
16,6,840EB8 -> E6FF82 -> D95963 -> A42CB6 -> A73B86,840EB8 -> E6FF82 -> D95963 -> A42CB6 -> A73B86 -> 840EB8,5,non-trivial cycle,2778480,16.561031341552734,2778480,16.56104713539804,0,10,10
16,6,87FF78,87FF78 -> 87FF78,1,fixed point,5280,0.03147125244140625,5280,0.03147128245476003,0,1,1
16,6,A80E76 -> E40EB2 -> EC6832 -> C91D64 -> C82C74,A80E76 -> E40EB2 -> EC6832 -> C91D64 -> C82C74 -> A80E76,5,non-trivial cycle,12668520,75.51026344299316,12668520,75.51033545526072,0,31,31
16,6,C60E94 -> E82C72 -> CA0E54 -> E84A72,C60E94 -> E82C72 -> CA0E54 -> E84A72 -> C60E94,4,non-trivial cycle,1178080,7.021903991699219,1178080,7.021910688315094,0,10,10
