base,digits,attractor_id,transient_depth,state_count_all,state_percentage_all,state_count_valid,state_percentage_valid
2,2,00,0,1,25.0,0,0.0
2,2,00,1,1,25.0,0,0.0
2,2,01,0,1,25.0,1,50.0
2,2,01,1,1,25.0,1,50.0
2,3,000,0,1,12.5,0,0.0
2,3,000,1,1,12.5,0,0.0
2,3,011,0,1,12.5,1,16.666666666666668
2,3,011,1,5,62.5,5,83.33333333333333
2,4,0000,0,1,6.25,0,0.0
2,4,0000,1,1,6.25,0,0.0
2,4,0111,0,1,6.25,1,7.142857142857143
2,4,0111,1,7,43.75,7,50.0
2,4,1001,0,1,6.25,1,7.142857142857143
2,4,1001,1,5,31.25,5,35.714285714285715
2,5,00000,0,1,3.125,0,0.0
2,5,00000,1,1,3.125,0,0.0
2,5,01111,0,1,3.125,1,3.3333333333333335
2,5,01111,1,9,28.125,9,30.0
2,5,10101,0,1,3.125,1,3.3333333333333335
2,5,10101,1,19,59.375,19,63.333333333333336
2,6,000000,0,1,1.5625,0,0.0
2,6,000000,1,1,1.5625,0,0.0
2,6,011111,0,1,1.5625,1,1.6129032258064515
2,6,011111,1,11,17.1875,11,17.741935483870968
2,6,101101,0,1,1.5625,1,1.6129032258064515
2,6,101101,1,29,45.3125,29,46.774193548387096
2,6,110001,0,1,1.5625,1,1.6129032258064515
2,6,110001,1,19,29.6875,19,30.64516129032258
3,2,00,0,1,11.11111111111111,0,0.0
3,2,00,1,2,22.22222222222222,0,0.0
3,2,00,2,2,22.22222222222222,2,33.333333333333336
3,2,00,3,4,44.44444444444444,4,66.66666666666667
3,3,000,0,1,3.7037037037037037,0,0.0
3,3,000,1,2,7.407407407407407,0,0.0
3,3,022 -> 121,0,2,7.407407407407407,2,8.333333333333334
3,3,022 -> 121,1,22,81.48148148148148,22,91.66666666666667
3,4,0000,0,1,1.2345679012345678,0,0.0
3,4,0000,1,2,2.4691358024691357,0,0.0
3,4,1012 -> 1221,0,2,2.4691358024691357,2,2.5641025641025643
3,4,1012 -> 1221,1,30,37.03703703703704,30,38.46153846153846
3,4,1012 -> 1221,2,46,56.79012345679013,46,58.97435897435897
3,5,00000,0,1,0.411522633744856,0,0.0
3,5,00000,1,2,0.823045267489712,0,0.0
3,5,20211,0,1,0.411522633744856,1,0.4166666666666667
3,5,20211,1,99,40.74074074074074,99,41.25
3,5,20211,2,90,37.03703703703704,90,37.5
3,5,20211,3,30,12.345679012345679,30,12.5
3,5,20211,4,20,8.23045267489712,20,8.333333333333334
3,6,000000,0,1,0.13717421124828533,0,0.0
3,6,000000,1,2,0.27434842249657065,0,0.0
3,6,102212 -> 210111 -> 122221,0,3,0.411522633744856,3,0.4132231404958678
3,6,102212 -> 210111 -> 122221,1,219,30.041152263374485,219,30.165289256198346
3,6,102212 -> 210111 -> 122221,2,364,49.93141289437586,364,50.137741046831955
3,6,102212 -> 210111 -> 122221,3,140,19.204389574759944,140,19.28374655647383
4,2,00,0,1,6.25,0,0.0
4,2,00,1,3,18.75,0,0.0
4,2,03 -> 21,0,2,12.5,2,16.666666666666668
4,2,03 -> 21,1,6,37.5,6,50.0
4,2,03 -> 21,2,4,25.0,4,33.333333333333336
4,3,000,0,1,1.5625,0,0.0
4,3,000,1,3,4.6875,0,0.0
4,3,132,0,1,1.5625,1,1.6666666666666667
4,3,132,1,23,35.9375,23,38.333333333333336
4,3,132,2,18,28.125,18,30.0
4,3,132,3,18,28.125,18,30.0
4,4,0000,0,1,0.390625,0,0.0
4,4,0000,1,3,1.171875,0,0.0
4,4,1332 -> 2022,0,2,0.78125,2,0.7936507936507936
4,4,1332 -> 2022,1,86,33.59375,86,34.12698412698413
4,4,1332 -> 2022,2,56,21.875,56,22.22222222222222
4,4,1332 -> 2022,3,24,9.375,24,9.523809523809524
4,4,3021,0,1,0.390625,1,0.3968253968253968
4,4,3021,1,47,18.359375,47,18.650793650793652
4,4,3021,2,24,9.375,24,9.523809523809524
4,4,3021,3,12,4.6875,12,4.761904761904762
4,5,00000,0,1,0.09765625,0,0.0
4,5,00000,1,3,0.29296875,0,0.0
4,5,20322 -> 23331,0,2,0.1953125,2,0.19607843137254902
4,5,20322 -> 23331,1,248,24.21875,248,24.313725490196077
4,5,20322 -> 23331,2,190,18.5546875,190,18.627450980392158
4,5,20322 -> 23331,3,220,21.484375,220,21.568627450980394
4,5,20322 -> 23331,4,360,35.15625,360,35.294117647058826
4,6,000000,0,1,0.0244140625,0,0.0
4,6,000000,1,3,0.0732421875,0,0.0
4,6,213312,0,1,0.0244140625,1,0.024437927663734114
4,6,213312,1,239,5.8349609375,239,5.840664711632454
4,6,310221,0,1,0.0244140625,1,0.024437927663734114
4,6,310221,1,299,7.2998046875,299,7.3069403714565
4,6,310221,2,660,16.11328125,660,16.129032258064516
4,6,310221,3,760,18.5546875,760,18.57282502443793
4,6,310221,4,900,21.97265625,900,21.994134897360702
4,6,310221,5,876,21.38671875,876,21.407624633431084
4,6,310221,6,36,0.87890625,36,0.8797653958944281
4,6,330201,0,1,0.0244140625,1,0.024437927663734114
4,6,330201,1,299,7.2998046875,299,7.3069403714565
4,6,330201,2,20,0.48828125,20,0.4887585532746823
5,2,00,0,1,4.0,0,0.0
5,2,00,1,4,16.0,0,0.0
5,2,00,2,4,16.0,4,20.0
5,2,13,0,1,4.0,1,5.0
5,2,13,1,5,20.0,5,25.0
5,2,13,2,2,8.0,2,10.0
5,2,13,3,8,32.0,8,40.0
5,3,000,0,1,0.8,0,0.0
5,3,000,1,4,3.2,0,0.0
5,3,143 -> 242,0,2,1.6,2,1.6666666666666667
5,3,143 -> 242,1,70,56.0,70,58.333333333333336
5,3,143 -> 242,2,24,19.2,24,20.0
5,3,143 -> 242,3,24,19.2,24,20.0
5,4,0000,0,1,0.16,0,0.0
5,4,0000,1,4,0.64,0,0.0
5,4,3032,0,1,0.16,1,0.16129032258064516
5,4,3032,1,95,15.2,95,15.32258064516129
5,4,3032,2,248,39.68,248,40.0
5,4,3032,3,212,33.92,212,34.193548387096776
5,4,3032,4,64,10.24,64,10.32258064516129
5,5,00000,0,1,0.032,0,0.0
5,5,00000,1,4,0.128,0,0.0
5,5,30432 -> 40431 -> 42411 -> 32412,0,4,0.128,4,0.1282051282051282
5,5,30432 -> 40431 -> 42411 -> 32412,1,1276,40.832,1276,40.8974358974359
5,5,30432 -> 40431 -> 42411 -> 32412,2,1700,54.4,1700,54.48717948717949
5,5,30432 -> 40431 -> 42411 -> 32412,3,140,4.48,140,4.487179487179487
5,6,000000,0,1,0.0064,0,0.0
5,6,000000,1,4,0.0256,0,0.0
5,6,214423 -> 320322 -> 304432 -> 414421 -> 331212,0,5,0.032,5,0.03201024327784891
5,6,214423 -> 320322 -> 304432 -> 414421 -> 331212,1,3775,24.16,3775,24.167733674775928
5,6,214423 -> 320322 -> 304432 -> 414421 -> 331212,2,7612,48.7168,7612,48.732394366197184
5,6,214423 -> 320322 -> 304432 -> 414421 -> 331212,3,2228,14.2592,2228,14.263764404609475
5,6,214423 -> 320322 -> 304432 -> 414421 -> 331212,4,1500,9.6,1500,9.603072983354673
5,6,214423 -> 320322 -> 304432 -> 414421 -> 331212,5,500,3.2,500,3.201024327784891
6,2,00,0,1,2.7777777777777777,0,0.0
6,2,00,1,5,13.88888888888889,0,0.0
6,2,05 -> 41 -> 23,0,3,8.333333333333334,3,10.0
6,2,05 -> 41 -> 23,1,15,41.666666666666664,15,50.0
6,2,05 -> 41 -> 23,2,12,33.333333333333336,12,40.0
6,3,000,0,1,0.46296296296296297,0,0.0
6,3,000,1,5,2.314814814814815,0,0.0
6,3,253,0,1,0.46296296296296297,1,0.47619047619047616
6,3,253,1,53,24.537037037037038,53,25.238095238095237
6,3,253,2,48,22.22222222222222,48,22.857142857142858
6,3,253,3,78,36.111111111111114,78,37.142857142857146
6,3,253,4,30,13.88888888888889,30,14.285714285714286
6,4,0000,0,1,0.07716049382716049,0,0.0
6,4,0000,1,5,0.38580246913580246,0,0.0
6,4,1554 -> 4042 -> 4132 -> 3043 -> 3552 -> 3133,0,6,0.46296296296296297,6,0.46511627906976744
6,4,1554 -> 4042 -> 4132 -> 3043 -> 3552 -> 3133,1,618,47.68518518518518,618,47.906976744186046
6,4,1554 -> 4042 -> 4132 -> 3043 -> 3552 -> 3133,2,476,36.72839506172839,476,36.89922480620155
6,4,1554 -> 4042 -> 4132 -> 3043 -> 3552 -> 3133,3,172,13.271604938271604,172,13.333333333333334
6,4,1554 -> 4042 -> 4132 -> 3043 -> 3552 -> 3133,4,18,1.3888888888888888,18,1.3953488372093024
6,5,00000,0,1,0.01286008230452675,0,0.0
6,5,00000,1,5,0.06430041152263374,0,0.0
6,5,31533 -> 35552,0,2,0.0257201646090535,2,0.02574002574002574
6,5,31533 -> 35552,1,798,10.262345679012345,798,10.27027027027027
6,5,31533 -> 35552,2,830,10.673868312757202,830,10.682110682110682
6,5,31533 -> 35552,3,700,9.002057613168724,700,9.00900900900901
6,5,41532,0,1,0.01286008230452675,1,0.01287001287001287
6,5,41532,1,919,11.818415637860083,919,11.827541827541827
6,5,41532,2,420,5.401234567901234,420,5.405405405405405
6,5,41532,3,1160,14.91769547325103,1160,14.929214929214929
6,5,41532,4,1780,22.890946502057613,1780,22.90862290862291
6,5,41532,5,870,11.188271604938272,870,11.196911196911197
6,5,41532,6,290,3.7294238683127574,290,3.7323037323037322
6,6,000000,0,1,0.0021433470507544582,0,0.0
6,6,000000,1,5,0.010716735253772291,0,0.0
6,6,205544 -> 525521 -> 432222,0,3,0.006430041152263375,3,0.006430868167202572
6,6,205544 -> 525521 -> 432222,1,2817,6.0378086419753085,2817,6.038585209003215
6,6,205544 -> 525521 -> 432222,2,2040,4.372427983539095,2040,4.372990353697749
6,6,205544 -> 525521 -> 432222,3,5100,10.931069958847736,5100,10.932475884244372
6,6,205544 -> 525521 -> 432222,4,5000,10.71673525377229,5000,10.718113612004288
6,6,205544 -> 525521 -> 432222,5,6380,13.674554183813443,6380,13.67631296891747
6,6,205544 -> 525521 -> 432222,6,4140,8.873456790123457,4140,8.87459807073955
6,6,205544 -> 525521 -> 432222,7,1280,2.7434842249657065,1280,2.7438370846730975
6,6,325523,0,1,0.0021433470507544582,1,0.0021436227224008574
6,6,325523,1,629,1.3481652949245542,629,1.3483386923901393
6,6,420432,0,1,0.0021433470507544582,1,0.0021436227224008574
6,6,420432,1,2639,5.6562928669410155,2639,5.657020364415863
6,6,420432,2,4920,10.545267489711934,4920,10.546623794212218
6,6,420432,3,3360,7.20164609053498,3360,7.202572347266881
6,6,420432,4,1620,3.4722222222222223,1620,3.472668810289389
6,6,420432,5,660,1.4146090534979423,660,1.414790996784566
6,6,530421,0,1,0.0021433470507544582,1,0.0021436227224008574
6,6,530421,1,2759,5.91349451303155,2759,5.914255091103966
6,6,530421,2,2040,4.372427983539095,2040,4.372990353697749
6,6,530421,3,1260,2.700617283950617,1260,2.7009646302250805
7,2,00,0,1,2.0408163265306123,0,0.0
7,2,00,1,6,12.244897959183673,0,0.0
7,2,00,2,6,12.244897959183673,6,14.285714285714286
7,2,00,3,12,24.489795918367346,12,28.571428571428573
7,2,00,4,24,48.97959183673469,24,57.142857142857146
7,3,000,0,1,0.2915451895043732,0,0.0
7,3,000,1,6,1.749271137026239,0,0.0
7,3,264 -> 363,0,2,0.5830903790087464,2,0.5952380952380952
7,3,264 -> 363,1,142,41.39941690962099,142,42.26190476190476
7,3,264 -> 363,2,60,17.49271137026239,60,17.857142857142858
7,3,264 -> 363,3,96,27.988338192419825,96,28.571428571428573
7,3,264 -> 363,4,36,10.495626822157435,36,10.714285714285714
7,4,0000,0,1,0.04164931278633902,0,0.0
7,4,0000,1,6,0.24989587671803415,0,0.0
7,4,3054 -> 5052 -> 5232,0,3,0.12494793835901707,3,0.12531328320802004
7,4,3054 -> 5052 -> 5232,1,477,19.866722199083714,477,19.924812030075188
7,4,3054 -> 5052 -> 5232,2,1032,42.982090795501875,1032,43.1077694235589
7,4,3054 -> 5052 -> 5232,3,750,31.236984589754268,750,31.328320802005013
7,4,3054 -> 5052 -> 5232,4,132,5.497709287796751,132,5.513784461152882
7,5,00000,0,1,0.005949901826619861,0,0.0
7,5,00000,1,6,0.035699410959719166,0,0.0
7,5,40653 -> 61641 -> 54612 -> 52632 -> 42633,0,5,0.029749509133099303,5,0.02976190476190476
7,5,40653 -> 61641 -> 54612 -> 52632 -> 42633,1,4655,27.696793002915452,4655,27.708333333333332
7,5,40653 -> 61641 -> 54612 -> 52632 -> 42633,2,4680,27.84554054858095,4680,27.857142857142858
7,5,40653 -> 61641 -> 54612 -> 52632 -> 42633,3,3080,18.32569762598917,3080,18.333333333333332
7,5,40653 -> 61641 -> 54612 -> 52632 -> 42633,4,1420,8.448860593800202,1420,8.452380952380953
7,5,40653 -> 61641 -> 54612 -> 52632 -> 42633,5,2520,14.993752603082049,2520,15.0
7,5,40653 -> 61641 -> 54612 -> 52632 -> 42633,6,440,2.6179568037127385,440,2.619047619047619
7,6,000000,0,1,0.0008499859752314087,0,0.0
7,6,000000,1,6,0.005099915851388452,0,0.0
7,6,320544 -> 520542 -> 531432 -> 416643 -> 526632 -> 441423,0,6,0.005099915851388452,6,0.005100219309430306
7,6,320544 -> 520542 -> 531432 -> 416643 -> 526632 -> 441423,1,17154,14.580659419119584,17154,14.581527005661243
7,6,320544 -> 520542 -> 531432 -> 416643 -> 526632 -> 441423,2,31732,26.97175496604306,31732,26.973359854473742
7,6,320544 -> 520542 -> 531432 -> 416643 -> 526632 -> 441423,3,38560,32.775459204923116,38560,32.77740942860543
7,6,320544 -> 520542 -> 531432 -> 416643 -> 526632 -> 441423,4,10680,9.077850215471445,10680,9.078390370785943
7,6,320544 -> 520542 -> 531432 -> 416643 -> 526632 -> 441423,5,10532,8.952052291137196,10532,8.95258496115333
7,6,320544 -> 520542 -> 531432 -> 416643 -> 526632 -> 441423,6,8672,7.371078377206776,8672,7.371516975229935
7,6,320544 -> 520542 -> 531432 -> 416643 -> 526632 -> 441423,7,306,0.26009570842081103,306,0.2601111847809456
8,2,00,0,1,1.5625,0,0.0
8,2,00,1,7,10.9375,0,0.0
8,2,07 -> 61 -> 43,0,3,4.6875,3,5.357142857142857
8,2,07 -> 61 -> 43,1,19,29.6875,19,33.92857142857143
8,2,07 -> 61 -> 43,2,20,31.25,20,35.714285714285715
8,2,25,0,1,1.5625,1,1.7857142857142858
8,2,25,1,9,14.0625,9,16.071428571428573
8,2,25,2,4,6.25,4,7.142857142857143
8,3,000,0,1,0.1953125,0,0.0
8,3,000,1,7,1.3671875,0,0.0
8,3,374,0,1,0.1953125,1,0.1984126984126984
8,3,374,1,95,18.5546875,95,18.849206349206348
8,3,374,2,90,17.578125,90,17.857142857142858
8,3,374,3,162,31.640625,162,32.142857142857146
8,3,374,4,114,22.265625,114,22.61904761904762
8,3,374,5,42,8.203125,42,8.333333333333334
8,4,0000,0,1,0.0244140625,0,0.0
8,4,0000,1,7,0.1708984375,0,0.0
8,4,1776 -> 6062 -> 6332 -> 3774 -> 4244,0,5,0.1220703125,5,0.1223091976516634
8,4,1776 -> 6062 -> 6332 -> 3774 -> 4244,1,723,17.6513671875,723,17.685909980430527
8,4,1776 -> 6062 -> 6332 -> 3774 -> 4244,2,800,19.53125,800,19.569471624266146
8,4,1776 -> 6062 -> 6332 -> 3774 -> 4244,3,584,14.2578125,584,14.285714285714286
8,4,1776 -> 6062 -> 6332 -> 3774 -> 4244,4,296,7.2265625,296,7.240704500978474
8,4,1776 -> 6062 -> 6332 -> 3774 -> 4244,5,360,8.7890625,360,8.806262230919765
8,4,3065 -> 6152 -> 5243,0,3,0.0732421875,3,0.07338551859099804
8,4,3065 -> 6152 -> 5243,1,573,13.9892578125,573,14.016634050880626
8,4,3065 -> 6152 -> 5243,2,528,12.890625,528,12.915851272015656
8,4,3065 -> 6152 -> 5243,3,192,4.6875,192,4.6966731898238745
8,4,3065 -> 6152 -> 5243,4,24,0.5859375,24,0.5870841487279843
8,5,00000,0,1,0.0030517578125,0,0.0
8,5,00000,1,7,0.0213623046875,0,0.0
8,5,42744 -> 47773,0,2,0.006103515625,2,0.006105006105006105
8,5,42744 -> 47773,1,1628,4.96826171875,1628,4.96947496947497
8,5,42744 -> 47773,2,280,0.8544921875,280,0.8547008547008547
8,5,51753 -> 61752 -> 63732 -> 52743,0,4,0.01220703125,4,0.01221001221001221
8,5,51753 -> 61752 -> 63732 -> 52743,1,7956,24.27978515625,7956,24.285714285714285
8,5,51753 -> 61752 -> 63732 -> 52743,2,4450,13.580322265625,4450,13.583638583638583
8,5,51753 -> 61752 -> 63732 -> 52743,3,3640,11.1083984375,3640,11.11111111111111
8,5,51753 -> 61752 -> 63732 -> 52743,4,4550,13.885498046875,4550,13.88888888888889
8,5,51753 -> 61752 -> 63732 -> 52743,5,1890,5.767822265625,1890,5.769230769230769
8,5,51753 -> 61752 -> 63732 -> 52743,6,3280,10.009765625,3280,10.012210012210012
8,5,51753 -> 61752 -> 63732 -> 52743,7,2600,7.9345703125,2600,7.936507936507937
8,5,51753 -> 61752 -> 63732 -> 52743,8,2480,7.568359375,2480,7.57020757020757
8,6,000000,0,1,0.0003814697265625,0,0.0
8,6,000000,1,7,0.0026702880859375,0,0.0
8,6,310665 -> 651522 -> 532443,0,3,0.0011444091796875,3,0.0011444441053498947
8,6,310665 -> 651522 -> 532443,1,6477,2.4707794189453125,6477,2.4708548234504226
8,6,310665 -> 651522 -> 532443,2,7960,3.0364990234375,7960,3.0365916928617205
8,6,310665 -> 651522 -> 532443,3,5160,1.9683837890625,5160,1.968443861201819
8,6,310665 -> 651522 -> 532443,4,7920,3.021240234375,7920,3.021332438123722
8,6,310665 -> 651522 -> 532443,5,1044,0.39825439453125,1044,0.39826654866176336
8,6,437734,0,1,0.0003814697265625,1,0.0003814813684499649
8,6,437734,1,1199,0.4573822021484375,1199,0.4573961607715079
8,6,640632,0,1,0.0003814697265625,1,0.0003814813684499649
8,6,640632,1,8399,3.2039642333984375,8399,3.204062013611255
8,6,640632,2,15360,5.859375,15360,5.859553819391461
8,6,640632,3,7200,2.74658203125,7200,2.7466658528397474
8,6,640632,4,4200,1.6021728515625,4200,1.6022217474898526
8,6,640632,5,14040,5.3558349609375,14040,5.355998413037507
8,6,640632,6,16560,6.317138671875,16560,6.317331461531419
8,6,640632,7,13200,5.035400390625,13200,5.035554063539537
8,6,640632,8,22524,8.59222412109375,22524,8.592486342967009
8,6,640632,9,18084,6.89849853515625,18084,6.8987090670491655
8,6,640632,10,24960,9.521484375,24960,9.521774956511123
8,6,640632,11,18360,7.0037841796875,18360,7.0039979247413555
8,6,640632,12,19120,7.293701171875,19120,7.293923764763329
8,6,640632,13,21884,8.34808349609375,21884,8.348338267159033
8,6,640632,14,21680,8.270263671875,21680,8.270516067995239
8,6,640632,15,5760,2.197265625,5760,2.197332682271798
8,6,640632,16,1040,0.396728515625,1040,0.3967406231879635
9,2,00,0,1,1.2345679012345678,0,0.0
9,2,00,1,8,9.876543209876543,0,0.0
9,2,00,2,8,9.876543209876543,8,11.11111111111111
9,2,17 -> 53,0,2,2.4691358024691357,2,2.7777777777777777
9,2,17 -> 53,1,18,22.22222222222222,18,25.0
9,2,17 -> 53,2,12,14.814814814814815,12,16.666666666666668
9,2,17 -> 53,3,32,39.50617283950617,32,44.44444444444444
9,3,000,0,1,0.13717421124828533,0,0.0
9,3,000,1,8,1.0973936899862826,0,0.0
9,3,385 -> 484,0,2,0.27434842249657065,2,0.2777777777777778
9,3,385 -> 484,1,238,32.647462277091904,238,33.05555555555556
9,3,385 -> 484,2,108,14.814814814814815,108,15.0
9,3,385 -> 484,3,192,26.337448559670783,192,26.666666666666668
9,3,385 -> 484,4,132,18.106995884773664,132,18.333333333333332
9,3,385 -> 484,5,48,6.584362139917696,48,6.666666666666667
9,4,0000,0,1,0.015241579027587259,0,0.0
9,4,0000,1,8,0.12193263222069807,0,0.0
9,4,3076 -> 7252 -> 5254,0,3,0.04572473708276177,3,0.045787545787545784
9,4,3076 -> 7252 -> 5254,1,669,10.196616369455876,669,10.21062271062271
9,4,3076 -> 7252 -> 5254,2,1768,26.947111720774274,1768,26.984126984126984
9,4,3076 -> 7252 -> 5254,3,868,13.22969059594574,868,13.247863247863247
9,4,5074 -> 7072 -> 7432,0,3,0.04572473708276177,3,0.045787545787545784
9,4,5074 -> 7072 -> 7432,1,765,11.659807956104252,765,11.675824175824175
9,4,5074 -> 7072 -> 7432,2,1768,26.947111720774274,1768,26.984126984126984
9,4,5074 -> 7072 -> 7432,3,484,7.376924249352233,484,7.3870573870573875
9,4,5074 -> 7072 -> 7432,4,224,3.414113702179546,224,3.4188034188034186
9,5,00000,0,1,0.0016935087808430287,0,0.0
9,5,00000,1,8,0.01354807024674423,0,0.0
9,5,52854 -> 60873 -> 83841 -> 74832 -> 63843,0,5,0.008467543904215143,5,0.008468834688346883
9,5,52854 -> 60873 -> 83841 -> 74832 -> 63843,1,11615,19.670104489491777,11615,19.67310298102981
9,5,52854 -> 60873 -> 83841 -> 74832 -> 63843,2,13170,22.303510643702687,13170,22.306910569105693
9,5,52854 -> 60873 -> 83841 -> 74832 -> 63843,3,13680,23.16720012193263,13680,23.170731707317074
9,5,52854 -> 60873 -> 83841 -> 74832 -> 63843,4,8910,15.089163237311386,8910,15.091463414634147
9,5,52854 -> 60873 -> 83841 -> 74832 -> 63843,5,4180,7.07886670392386,4180,7.079945799457994
9,5,52854 -> 60873 -> 83841 -> 74832 -> 63843,6,2950,4.995850903486935,2950,4.996612466124661
9,5,52854 -> 60873 -> 83841 -> 74832 -> 63843,7,360,0.6096631611034903,360,0.6097560975609756
9,5,62853,0,1,0.0016935087808430287,1,0.0016937669376693768
9,5,62853,1,3179,5.3836644142999885,3179,5.384485094850948
9,5,62853,2,990,1.6765736930345985,990,1.6768292682926829
9,6,000000,0,1,0.0001881676423158921,0,0.0
9,6,000000,1,8,0.0015053411385271367,0,0.0
9,6,308876 -> 850731 -> 861621 -> 753432 -> 520764 -> 740742 -> 748832 -> 652533 -> 421665 -> 540744 -> 708872 -> 858821 -> 762522 -> 542544,0,14,0.002634346992422489,14,0.0026343916060756595
9,6,308876 -> 850731 -> 861621 -> 753432 -> 520764 -> 740742 -> 748832 -> 652533 -> 421665 -> 540744 -> 708872 -> 858821 -> 762522 -> 542544,1,73666,13.861557538842506,73666,13.861792289512112
9,6,308876 -> 850731 -> 861621 -> 753432 -> 520764 -> 740742 -> 748832 -> 652533 -> 421665 -> 540744 -> 708872 -> 858821 -> 762522 -> 542544,2,143496,27.00130400176125,143496,27.001761278959492
9,6,308876 -> 850731 -> 861621 -> 753432 -> 520764 -> 740742 -> 748832 -> 652533 -> 421665 -> 540744 -> 708872 -> 858821 -> 762522 -> 542544,3,124140,23.359131117094844,124140,23.359526712730887
9,6,308876 -> 850731 -> 861621 -> 753432 -> 520764 -> 740742 -> 748832 -> 652533 -> 421665 -> 540744 -> 708872 -> 858821 -> 762522 -> 542544,4,47620,8.960543127082781,47620,8.960694877237351
9,6,308876 -> 850731 -> 861621 -> 753432 -> 520764 -> 740742 -> 748832 -> 652533 -> 421665 -> 540744 -> 708872 -> 858821 -> 762522 -> 542544,5,16576,3.119066839028227,16576,3.1191196615935812
9,6,308876 -> 850731 -> 861621 -> 753432 -> 520764 -> 740742 -> 748832 -> 652533 -> 421665 -> 540744 -> 708872 -> 858821 -> 762522 -> 542544,6,38700,7.282087757625023,38700,7.2822110825091455
9,6,308876 -> 850731 -> 861621 -> 753432 -> 520764 -> 740742 -> 748832 -> 652533 -> 421665 -> 540744 -> 708872 -> 858821 -> 762522 -> 542544,7,70840,13.329795781657795,70840,13.330021526742838
9,6,308876 -> 850731 -> 861621 -> 753432 -> 520764 -> 740742 -> 748832 -> 652533 -> 421665 -> 540744 -> 708872 -> 858821 -> 762522 -> 542544,8,16380,3.082185981134312,16380,3.082238179108522
10,2,00,0,1,1.0,0,0.0
10,2,00,1,9,9.0,0,0.0
10,2,09 -> 81 -> 63 -> 27 -> 45,0,5,5.0,5,5.555555555555555
10,2,09 -> 81 -> 63 -> 27 -> 45,1,45,45.0,45,50.0
10,2,09 -> 81 -> 63 -> 27 -> 45,2,40,40.0,40,44.44444444444444
10,3,000,0,1,0.1,0,0.0
10,3,000,1,9,0.9,0,0.0
10,3,495,0,1,0.1,1,0.10101010101010101
10,3,495,1,149,14.9,149,15.05050505050505
10,3,495,2,144,14.4,144,14.545454545454545
10,3,495,3,270,27.0,270,27.272727272727273
10,3,495,4,222,22.2,222,22.424242424242426
10,3,495,5,150,15.0,150,15.151515151515152
10,3,495,6,54,5.4,54,5.454545454545454
10,4,0000,0,1,0.01,0,0.0
10,4,0000,1,9,0.09,0,0.0
10,4,6174,0,1,0.01,1,0.01001001001001001
10,4,6174,1,383,3.83,383,3.833833833833834
10,4,6174,2,576,5.76,576,5.7657657657657655
10,4,6174,3,2400,24.0,2400,24.024024024024023
10,4,6174,4,1272,12.72,1272,12.732732732732734
10,4,6174,5,1518,15.18,1518,15.195195195195195
10,4,6174,6,1656,16.56,1656,16.576576576576578
10,4,6174,7,2184,21.84,2184,21.86186186186186
10,5,00000,0,1,0.001,0,0.0
10,5,00000,1,9,0.009,0,0.0
10,5,53955 -> 59994,0,2,0.002,2,0.002000200020002
10,5,53955 -> 59994,1,2738,2.738,2738,2.7382738273827383
10,5,53955 -> 59994,2,450,0.45,450,0.45004500450045004
10,5,61974 -> 82962 -> 75933 -> 63954,0,4,0.004,4,0.004000400040004
10,5,61974 -> 82962 -> 75933 -> 63954,1,13176,13.176,13176,13.177317731773178
10,5,61974 -> 82962 -> 75933 -> 63954,2,10000,10.0,10000,10.001000100010002
10,5,61974 -> 82962 -> 75933 -> 63954,3,12780,12.78,12780,12.781278127812781
10,5,61974 -> 82962 -> 75933 -> 63954,4,4680,4.68,4680,4.68046804680468
10,5,61974 -> 82962 -> 75933 -> 63954,5,4340,4.34,4340,4.340434043404341
10,5,61974 -> 82962 -> 75933 -> 63954,6,3500,3.5,3500,3.5003500350035
10,5,62964 -> 71973 -> 83952 -> 74943,0,4,0.004,4,0.004000400040004
10,5,62964 -> 71973 -> 83952 -> 74943,1,15116,15.116,15116,15.117511751175117
10,5,62964 -> 71973 -> 83952 -> 74943,2,7880,7.88,7880,7.880788078807881
10,5,62964 -> 71973 -> 83952 -> 74943,3,8220,8.22,8220,8.22082208220822
10,5,62964 -> 71973 -> 83952 -> 74943,4,12900,12.9,12900,12.901290129012901
10,5,62964 -> 71973 -> 83952 -> 74943,5,4110,4.11,4110,4.11041104110411
10,5,62964 -> 71973 -> 83952 -> 74943,6,90,0.09,90,0.09000900090009001
10,6,000000,0,1,0.0001,0,0.0
10,6,000000,1,9,0.0009,0,0.0
10,6,420876 -> 851742 -> 750843 -> 840852 -> 860832 -> 862632 -> 642654,0,7,0.0007,7,0.0007000070000700007
10,6,420876 -> 851742 -> 750843 -> 840852 -> 860832 -> 862632 -> 642654,1,82433,8.2433,82433,8.243382433824339
10,6,420876 -> 851742 -> 750843 -> 840852 -> 860832 -> 862632 -> 642654,2,146040,14.604,146040,14.604146041460414
10,6,420876 -> 851742 -> 750843 -> 840852 -> 860832 -> 862632 -> 642654,3,95400,9.54,95400,9.540095400954009
10,6,420876 -> 851742 -> 750843 -> 840852 -> 860832 -> 862632 -> 642654,4,78360,7.836,78360,7.836078360783608
10,6,420876 -> 851742 -> 750843 -> 840852 -> 860832 -> 862632 -> 642654,5,98308,9.8308,98308,9.83089830898309
10,6,420876 -> 851742 -> 750843 -> 840852 -> 860832 -> 862632 -> 642654,6,86820,8.682,86820,8.682086820868209
10,6,420876 -> 851742 -> 750843 -> 840852 -> 860832 -> 862632 -> 642654,7,76440,7.644,76440,7.644076440764407
10,6,420876 -> 851742 -> 750843 -> 840852 -> 860832 -> 862632 -> 642654,8,91760,9.176,91760,9.17609176091761
10,6,420876 -> 851742 -> 750843 -> 840852 -> 860832 -> 862632 -> 642654,9,70428,7.0428,70428,7.042870428704287
10,6,420876 -> 851742 -> 750843 -> 840852 -> 860832 -> 862632 -> 642654,10,48836,4.8836,48836,4.883648836488365
10,6,420876 -> 851742 -> 750843 -> 840852 -> 860832 -> 862632 -> 642654,11,20428,2.0428,20428,2.042820428204282
10,6,420876 -> 851742 -> 750843 -> 840852 -> 860832 -> 862632 -> 642654,12,39600,3.96,39600,3.960039600396004
10,6,420876 -> 851742 -> 750843 -> 840852 -> 860832 -> 862632 -> 642654,13,660,0.066,660,0.06600066000660007
10,6,549945,0,1,0.0001,1,0.0001000010000100001
10,6,549945,1,1949,0.1949,1949,0.1949019490194902
10,6,631764,0,1,0.0001,1,0.0001000010000100001
10,6,631764,1,8159,0.8159,8159,0.8159081590815909
10,6,631764,2,12360,1.236,12360,1.2360123601236013
10,6,631764,3,39120,3.912,39120,3.9120391203912037
10,6,631764,4,2880,0.288,2880,0.2880028800288003
11,2,00,0,1,0.8264462809917356,0,0.0
11,2,00,1,10,8.264462809917354,0,0.0
11,2,00,2,10,8.264462809917354,10,9.090909090909092
11,2,00,3,20,16.52892561983471,20,18.181818181818183
11,2,37,0,1,0.8264462809917356,1,0.9090909090909091
11,2,37,1,13,10.743801652892563,13,11.818181818181818
11,2,37,2,6,4.958677685950414,6,5.454545454545454
11,2,37,3,20,16.52892561983471,20,18.181818181818183
11,2,37,4,40,33.05785123966942,40,36.36363636363637
11,3,000,0,1,0.07513148009015777,0,0.0
11,3,000,1,10,0.7513148009015778,0,0.0
11,3,4A6 -> 5A5,0,2,0.15026296018031554,2,0.15151515151515152
11,3,4A6 -> 5A5,1,358,26.897069872276482,358,27.12121212121212
11,3,4A6 -> 5A5,2,168,12.622088655146506,168,12.727272727272727
11,3,4A6 -> 5A5,3,312,23.441021788129227,312,23.636363636363637
11,3,4A6 -> 5A5,4,252,18.93313298271976,252,19.09090909090909
11,3,4A6 -> 5A5,5,168,12.622088655146506,168,12.727272727272727
11,3,4A6 -> 5A5,6,60,4.507888805409467,60,4.545454545454546
11,4,0000,0,1,0.006830134553650707,0,0.0
11,4,0000,1,10,0.06830134553650707,0,0.0
11,4,3098 -> 9452 -> 7094 -> 9272 -> 7454,0,5,0.03415067276825354,5,0.03417634996582365
11,4,3098 -> 9452 -> 7094 -> 9272 -> 7454,1,1627,11.1126289187897,1627,11.120984278879016
11,4,3098 -> 9452 -> 7094 -> 9272 -> 7454,2,3648,24.916330851717778,3648,24.935064935064936
11,4,3098 -> 9452 -> 7094 -> 9272 -> 7454,3,1828,12.485485964073492,1828,12.494873547505126
11,4,5096 -> 9092 -> 9632 -> 7274 -> 5276,0,5,0.03415067276825354,5,0.03417634996582365
11,4,5096 -> 9092 -> 9632 -> 7274 -> 5276,1,1723,11.768321835940169,1723,11.77717019822283
11,4,5096 -> 9092 -> 9632 -> 7274 -> 5276,2,4432,30.271156341779932,4432,30.293916609706084
11,4,5096 -> 9092 -> 9632 -> 7274 -> 5276,3,1022,6.980397513831022,1022,6.985645933014354
11,4,5096 -> 9092 -> 9632 -> 7274 -> 5276,4,340,2.32224574824124,340,2.3239917976760083
11,5,00000,0,1,0.0006209213230591551,0,0.0
11,5,00000,1,10,0.006209213230591552,0,0.0
11,5,72A74 -> 82A73 -> 84A53 -> 73A64,0,4,0.0024836852922366206,4,0.0024838549428713363
11,5,72A74 -> 82A73 -> 84A53 -> 73A64,1,22036,13.682622274931543,22036,13.683556880278191
11,5,72A74 -> 82A73 -> 84A53 -> 73A64,2,19520,12.120384226114709,19520,12.121212121212121
11,5,72A74 -> 82A73 -> 84A53 -> 73A64,3,19940,12.381171181799553,19940,12.382016890213611
11,5,72A74 -> 82A73 -> 84A53 -> 73A64,4,37230,23.116900857492347,37230,23.118479880774963
11,5,72A74 -> 82A73 -> 84A53 -> 73A64,5,26380,16.379904502300512,26380,16.381023348236464
11,5,72A74 -> 82A73 -> 84A53 -> 73A64,6,15820,9.822975330795835,15820,9.823646299056135
11,5,72A74 -> 82A73 -> 84A53 -> 73A64,7,6810,4.2284742100328465,6810,4.22876304023845
11,5,72A74 -> 82A73 -> 84A53 -> 73A64,8,13300,8.258253596686764,13300,8.258817685047193
11,6,000000,0,1,5.644739300537774e-05,0,0.0
11,6,000000,1,10,0.0005644739300537774,0,0.0
11,6,531876 -> 740964 -> 931872 -> 863643,0,4,0.00022578957202151097,4,0.00022579097400581412
11,6,531876 -> 740964 -> 931872 -> 863643,1,50036,2.824401756417081,50036,2.8244192938387287
11,6,531876 -> 740964 -> 931872 -> 863643,2,101040,5.703444589263367,101040,5.703480003386865
11,6,531876 -> 740964 -> 931872 -> 863643,3,225600,12.734531862013219,225600,12.734610933927916
11,6,531876 -> 740964 -> 931872 -> 863643,4,430460,24.298344793094902,430460,24.298495667635688
11,6,531876 -> 740964 -> 931872 -> 863643,5,200760,11.332378619759636,200760,11.33244898535181
11,6,531876 -> 740964 -> 931872 -> 863643,6,164420,9.281080357944209,164420,9.28113798650899
11,6,531876 -> 740964 -> 931872 -> 863643,7,124200,7.010766211267915,124200,7.010809742880529
11,6,531876 -> 740964 -> 931872 -> 863643,8,54540,3.078640814513302,54540,3.0786599305692754
11,6,531876 -> 740964 -> 931872 -> 863643,9,95040,5.3647602312311005,95040,5.364793542378144
11,6,531876 -> 740964 -> 931872 -> 863643,10,69740,3.936641188195044,69740,3.936665631791369
11,6,531876 -> 740964 -> 931872 -> 863643,11,46720,2.637222201211248,46720,2.637238576387909
11,6,531876 -> 740964 -> 931872 -> 863643,12,66000,3.725527938354931,66000,3.725551071095933
11,6,531876 -> 740964 -> 931872 -> 863643,13,95580,5.395241823454005,95580,5.395275323868928
11,6,531876 -> 740964 -> 931872 -> 863643,14,20340,1.1481399737293834,20340,1.148147102819565
11,6,531876 -> 740964 -> 931872 -> 863643,15,16020,0.9042872359461515,16020,0.9042928508932856
11,6,531876 -> 740964 -> 931872 -> 863643,16,3250,0.18345402726747767,3250,0.18345516637972398
11,6,531876 -> 740964 -> 931872 -> 863643,17,7800,0.4402896654419464,7800,0.4402923993113375
12,2,00,0,1,0.6944444444444444,0,0.0
12,2,00,1,11,7.638888888888889,0,0.0
12,2,0B -> A1 -> 83 -> 47 -> 29 -> 65,0,6,4.166666666666667,6,4.545454545454546
12,2,0B -> A1 -> 83 -> 47 -> 29 -> 65,1,66,45.833333333333336,66,50.0
12,2,0B -> A1 -> 83 -> 47 -> 29 -> 65,2,60,41.666666666666664,60,45.45454545454545
12,3,000,0,1,0.05787037037037037,0,0.0
12,3,000,1,11,0.6365740740740741,0,0.0
12,3,5B6,0,1,0.05787037037037037,1,0.05827505827505827
12,3,5B6,1,215,12.44212962962963,215,12.529137529137529
12,3,5B6,2,210,12.152777777777779,210,12.237762237762238
12,3,5B6,3,402,23.26388888888889,402,23.426573426573427
12,3,5B6,4,354,20.48611111111111,354,20.62937062937063
12,3,5B6,5,282,16.319444444444443,282,16.433566433566433
12,3,5B6,6,186,10.76388888888889,186,10.839160839160838
12,3,5B6,7,66,3.8194444444444446,66,3.8461538461538463
12,4,0000,0,1,0.004822530864197531,0,0.0
12,4,0000,1,11,0.05304783950617284,0,0.0
12,4,3BB8 -> 8284 -> 6376,0,3,0.014467592592592593,3,0.01447596988998263
12,4,3BB8 -> 8284 -> 6376,1,1117,5.386766975308642,1117,5.389886122370199
12,4,3BB8 -> 8284 -> 6376,2,1128,5.439814814814815,1128,5.4429646786334684
12,4,3BB8 -> 8284 -> 6376,3,1104,5.324074074074074,1104,5.327156919513607
12,4,3BB8 -> 8284 -> 6376,4,520,2.507716049382716,520,2.5091681142636557
12,4,3BB8 -> 8284 -> 6376,5,840,4.050925925925926,840,4.053271569195136
12,4,4198 -> 8374 -> 5287 -> 6196 -> 7BB4 -> 7375,0,6,0.028935185185185185,6,0.02895193977996526
12,4,4198 -> 8374 -> 5287 -> 6196 -> 7BB4 -> 7375,1,2402,11.583719135802468,2402,11.590426558579425
12,4,4198 -> 8374 -> 5287 -> 6196 -> 7BB4 -> 7375,2,3080,14.853395061728396,3080,14.8619957537155
12,4,4198 -> 8374 -> 5287 -> 6196 -> 7BB4 -> 7375,3,5592,26.96759259259259,5592,26.98320787492762
12,4,4198 -> 8374 -> 5287 -> 6196 -> 7BB4 -> 7375,4,2584,12.46141975308642,2584,12.468635398571704
12,4,4198 -> 8374 -> 5287 -> 6196 -> 7BB4 -> 7375,5,892,4.301697530864198,892,4.304188380621501
12,4,4198 -> 8374 -> 5287 -> 6196 -> 7BB4 -> 7375,6,808,3.896604938271605,808,3.898861223701988
12,4,4198 -> 8374 -> 5287 -> 6196 -> 7BB4 -> 7375,7,648,3.125,648,3.126809496236248
12,5,00000,0,1,0.0004018775720164609,0,0.0
12,5,00000,1,11,0.00442065329218107,0,0.0
12,5,64B66 -> 6BBB5,0,2,0.0008037551440329218,2,0.0008037939072421831
12,5,64B66 -> 6BBB5,1,4128,1.6589506172839505,4128,1.6590306245478659
12,5,64B66 -> 6BBB5,2,660,0.2652391975308642,660,0.26525198938992045
12,5,83B74,0,1,0.0004018775720164609,1,0.00040189695362109155
12,5,83B74,1,7599,3.053867669753086,7599,3.0540149505666747
12,5,83B74,2,8220,3.3034336419753085,8220,3.3035929587653725
12,5,83B74,3,18880,7.587448559670782,18880,7.587814484366208
12,5,83B74,4,28280,11.365097736625515,28280,11.36564584840447
12,5,83B74,5,27520,11.059670781893004,27520,11.06020416365244
12,5,83B74,6,21590,8.676536779835391,21590,8.676955228679367
12,5,83B74,7,29080,11.686599794238683,29080,11.687163411301343
12,5,83B74,8,26950,10.830600565843621,26950,10.831122900088417
12,5,83B74,9,35920,14.435442386831276,35920,14.43613857406961
12,5,83B74,10,30990,12.454185956790123,30990,12.454786592717626
12,5,83B74,11,8890,3.5726916152263373,8890,3.572863917691504
12,5,83B74,12,110,0.0442065329218107,110,0.04420866489832007
12,6,000000,0,1,3.348979766803841e-05,0,0.0
12,6,000000,1,11,0.0003683877743484225,0,0.0
12,6,420A98 -> A73742 -> 842874 -> 642876 -> 62BB86 -> 951963 -> 860A54 -> A40A72 -> A82832 -> 864654,0,10,0.0003348979766803841,10,0.0003348993225656503
12,6,420A98 -> A73742 -> 842874 -> 642876 -> 62BB86 -> 951963 -> 860A54 -> A40A72 -> A82832 -> 864654,1,158150,5.296411501200274,158150,5.296432786375759
12,6,420A98 -> A73742 -> 842874 -> 642876 -> 62BB86 -> 951963 -> 860A54 -> A40A72 -> A82832 -> 864654,2,293880,9.841981738683128,293880,9.842021291559332
12,6,420A98 -> A73742 -> 842874 -> 642876 -> 62BB86 -> 951963 -> 860A54 -> A40A72 -> A82832 -> 864654,3,277080,9.279353137860083,277080,9.27939042964904
12,6,420A98 -> A73742 -> 842874 -> 642876 -> 62BB86 -> 951963 -> 860A54 -> A40A72 -> A82832 -> 864654,4,214800,7.19360853909465,214800,7.193637448710168
12,6,420A98 -> A73742 -> 842874 -> 642876 -> 62BB86 -> 951963 -> 860A54 -> A40A72 -> A82832 -> 864654,5,218732,7.325290423525377,218732,7.325319862342982
12,6,420A98 -> A73742 -> 842874 -> 642876 -> 62BB86 -> 951963 -> 860A54 -> A40A72 -> A82832 -> 864654,6,158520,5.308802726337449,158520,5.3088240613106885
12,6,420A98 -> A73742 -> 842874 -> 642876 -> 62BB86 -> 951963 -> 860A54 -> A40A72 -> A82832 -> 864654,7,208780,6.991999957133059,208780,6.992028056525648
12,6,420A98 -> A73742 -> 842874 -> 642876 -> 62BB86 -> 951963 -> 860A54 -> A40A72 -> A82832 -> 864654,8,216252,7.242235725308642,216252,7.242264830346701
12,6,420A98 -> A73742 -> 842874 -> 642876 -> 62BB86 -> 951963 -> 860A54 -> A40A72 -> A82832 -> 864654,9,183132,6.13305362654321,183132,6.133078274009267
12,6,420A98 -> A73742 -> 842874 -> 642876 -> 62BB86 -> 951963 -> 860A54 -> A40A72 -> A82832 -> 864654,10,140012,4.688973551097393,140012,4.688992395106183
12,6,420A98 -> A73742 -> 842874 -> 642876 -> 62BB86 -> 951963 -> 860A54 -> A40A72 -> A82832 -> 864654,11,103680,3.4722222222222223,103680,3.4722361763606626
12,6,420A98 -> A73742 -> 842874 -> 642876 -> 62BB86 -> 951963 -> 860A54 -> A40A72 -> A82832 -> 864654,12,136480,4.570687585733882,136480,4.570705954375995
12,6,420A98 -> A73742 -> 842874 -> 642876 -> 62BB86 -> 951963 -> 860A54 -> A40A72 -> A82832 -> 864654,13,173160,5.799093364197531,173160,5.799116669546801
12,6,420A98 -> A73742 -> 842874 -> 642876 -> 62BB86 -> 951963 -> 860A54 -> A40A72 -> A82832 -> 864654,14,120240,4.026813271604938,120240,4.02682945452938
12,6,420A98 -> A73742 -> 842874 -> 642876 -> 62BB86 -> 951963 -> 860A54 -> A40A72 -> A82832 -> 864654,15,168600,5.646379886831276,168600,5.646402578456864
12,6,420A98 -> A73742 -> 842874 -> 642876 -> 62BB86 -> 951963 -> 860A54 -> A40A72 -> A82832 -> 864654,16,145332,4.867139274691358,145332,4.867158834711109
12,6,420A98 -> A73742 -> 842874 -> 642876 -> 62BB86 -> 951963 -> 860A54 -> A40A72 -> A82832 -> 864654,17,54840,1.8365805041152263,54840,1.8365878849500263
12,6,420A98 -> A73742 -> 842874 -> 642876 -> 62BB86 -> 951963 -> 860A54 -> A40A72 -> A82832 -> 864654,18,8772,0.2937725051440329,8772,0.29377368575458845
12,6,420A98 -> A73742 -> 842874 -> 642876 -> 62BB86 -> 951963 -> 860A54 -> A40A72 -> A82832 -> 864654,19,2640,0.0884130658436214,2640,0.08841342115733168
12,6,65BB56,0,1,3.348979766803841e-05,1,3.348993225656503e-05
12,6,65BB56,1,2879,0.09641712748628258,2879,0.09641751496665073
13,2,00,0,1,0.591715976331361,0,0.0
13,2,00,1,12,7.100591715976331,0,0.0
13,2,00,2,12,7.100591715976331,12,7.6923076923076925
13,2,1B -> 93 -> 57,0,3,1.7751479289940828,3,1.9230769230769231
13,2,1B -> 93 -> 57,1,39,23.076923076923077,39,25.0
13,2,1B -> 93 -> 57,2,30,17.75147928994083,30,19.23076923076923
13,2,1B -> 93 -> 57,3,72,42.603550295857985,72,46.15384615384615
13,3,000,0,1,0.04551661356395084,0,0.0
13,3,000,1,12,0.5461993627674101,0,0.0
13,3,5C7 -> 6C6,0,2,0.09103322712790168,2,0.09157509157509157
13,3,5C7 -> 6C6,1,502,22.849340009103322,502,22.985347985347985
13,3,5C7 -> 6C6,2,240,10.923987255348202,240,10.989010989010989
13,3,5C7 -> 6C6,3,456,20.755575785161582,456,20.87912087912088
13,3,5C7 -> 6C6,4,396,18.024578971324534,396,18.13186813186813
13,3,5C7 -> 6C6,5,312,14.201183431952662,312,14.285714285714286
13,3,5C7 -> 6C6,6,204,9.285389167045972,204,9.340659340659341
13,3,5C7 -> 6C6,7,72,3.277196176604461,72,3.2967032967032965
13,4,0000,0,1,0.0035012779664577573,0,0.0
13,4,0000,1,12,0.042015335597493084,0,0.0
13,4,30BA -> B652 -> 90B4 -> B472 -> 9294 -> 7476,0,6,0.021007667798746542,6,0.021017234131988232
13,4,30BA -> B652 -> 90B4 -> B472 -> 9294 -> 7476,1,2586,9.054304821259759,2586,9.058427910886927
13,4,30BA -> B652 -> 90B4 -> B472 -> 9294 -> 7476,2,7824,27.393998809565492,7824,27.406473308112652
13,4,30BA -> B652 -> 90B4 -> B472 -> 9294 -> 7476,3,924,3.2351808410069673,924,3.2366540563261874
13,4,50B8 -> B292 -> 9654,0,3,0.010503833899373271,3,0.010508617065994116
13,4,50B8 -> B292 -> 9654,1,1341,4.6952137530198526,1341,4.69735182849937
13,4,50B8 -> B292 -> 9654,2,3024,10.587864570568257,3024,10.592686002522068
13,4,50B8 -> B292 -> 9654,3,1134,3.9704492139630965,1134,3.9722572509457756
13,4,5298 -> 7296 -> 70B6 -> B0B2 -> B832 -> 9474,0,6,0.021007667798746542,6,0.021017234131988232
13,4,5298 -> 7296 -> 70B6 -> B0B2 -> B832 -> 9474,1,2778,9.72655019081965,2778,9.73097940311055
13,4,5298 -> 7296 -> 70B6 -> B0B2 -> B832 -> 9474,2,6312,22.100066524281363,6312,22.11013030685162
13,4,5298 -> 7296 -> 70B6 -> B0B2 -> B832 -> 9474,3,2130,7.4577220685550225,2130,7.461118116855822
13,4,5298 -> 7296 -> 70B6 -> B0B2 -> B832 -> 9474,4,480,1.6806134238997235,480,1.6813787305590584
13,5,00000,0,1,0.0002693290743429044,0,0.0
13,5,00000,1,12,0.0032319488921148526,0,0.0
13,5,83C85 -> 92C94 -> A4C73 -> 95C64,0,4,0.0010773162973716176,4,0.0010773540185304892
13,5,83C85 -> 92C94 -> A4C73 -> 95C64,1,35556,9.576264567336308,35556,9.576599870717518
13,5,83C85 -> 92C94 -> A4C73 -> 95C64,2,21680,5.839054331754167,21680,5.839258780435251
13,5,83C85 -> 92C94 -> A4C73 -> 95C64,3,22720,6.119156569070788,22720,6.119370825253178
13,5,83C85 -> 92C94 -> A4C73 -> 95C64,4,48750,13.129792374216589,48750,13.130252100840336
13,5,83C85 -> 92C94 -> A4C73 -> 95C64,5,23910,6.439658167538844,23910,6.439883645765999
13,5,83C85 -> 92C94 -> A4C73 -> 95C64,6,15730,4.236546339413886,15730,4.2366946778711485
13,5,83C85 -> 92C94 -> A4C73 -> 95C64,7,27750,7.473881813015597,27750,7.474143503555268
13,5,83C85 -> 92C94 -> A4C73 -> 95C64,8,35890,9.666220478166839,35890,9.666558931264813
13,5,83C85 -> 92C94 -> A4C73 -> 95C64,9,63800,17.1831949430773,63800,17.1837965955613
13,5,83C85 -> 92C94 -> A4C73 -> 95C64,10,55460,14.936990463057478,55460,14.937513466925232
13,5,83C85 -> 92C94 -> A4C73 -> 95C64,11,17730,4.7752044880996944,17730,4.775371687136393
13,5,83C85 -> 92C94 -> A4C73 -> 95C64,12,2300,0.6194568709886801,2300,0.6194785606550313
13,6,000000,0,1,2.0717621103300337e-05,0,0.0
13,6,000000,1,12,0.00024861145323960403,0,0.0
13,6,951A74,0,1,2.0717621103300337e-05,1,2.0717676902027765e-05
13,6,951A74,1,34079,0.7060358095793722,34079,0.7060377111442041
13,6,951A74,2,53760,1.1137793105134262,53760,1.1137823102530127
13,6,951A74,3,271740,5.629806358610834,271740,5.629821521357025
13,6,951A74,4,108120,2.2399891936888325,108120,2.239995226647242
13,6,951A74,5,79620,1.649536992244773,79620,1.6495414349394506
13,6,951A74,6,214440,4.442686669391724,214440,4.442698634870833
13,6,951A74,7,183820,3.808313111208668,183820,3.8083233681307433
13,6,951A74,8,286560,5.9368415033617445,286560,5.936857493045076
13,6,951A74,9,187440,3.8833108996026153,187440,3.883321358516084
13,6,951A74,10,288540,5.977862393146279,288540,5.977878493311091
13,6,951A74,11,376940,7.80930009867803,376940,7.8093211314503455
13,6,951A74,12,514128,10.651509102597595,514128,10.65153779028573
13,6,951A74,13,661124,13.696916534298332,661124,13.696953424176202
13,6,951A74,14,323712,6.706542562591559,323712,6.706560625309211
13,6,951A74,15,282964,5.862340937874277,282964,5.862356726905384
13,6,951A74,16,413584,8.568476606387367,413584,8.56849968384825
13,6,951A74,17,192500,3.988142062385315,192500,3.9881528036403444
13,6,951A74,18,194860,4.037035648189104,194860,4.03704652112913
13,6,951A74,19,81780,1.6942870538279016,81780,1.6942916170478304
13,6,951A74,20,77084,1.5969971051268033,77084,1.5970014063159081
14,2,00,0,1,0.5102040816326531,0,0.0
14,2,00,1,13,6.63265306122449,0,0.0
14,2,0D -> C1 -> A3 -> 67,0,4,2.0408163265306123,4,2.197802197802198
14,2,0D -> C1 -> A3 -> 67,1,44,22.448979591836736,44,24.175824175824175
14,2,0D -> C1 -> A3 -> 67,2,56,28.571428571428573,56,30.76923076923077
14,2,2B -> 85,0,2,1.0204081632653061,2,1.098901098901099
14,2,2B -> 85,1,30,15.306122448979592,30,16.483516483516482
14,2,2B -> 85,2,20,10.204081632653061,20,10.989010989010989
14,2,49,0,1,0.5102040816326531,1,0.5494505494505495
14,2,49,1,17,8.673469387755102,17,9.340659340659341
14,2,49,2,8,4.081632653061225,8,4.395604395604396
14,3,000,0,1,0.03644314868804665,0,0.0
14,3,000,1,13,0.4737609329446064,0,0.0
14,3,6D7,0,1,0.03644314868804665,1,0.03663003663003663
14,3,6D7,1,293,10.677842565597668,293,10.732600732600732
14,3,6D7,2,288,10.495626822157435,288,10.54945054945055
14,3,6D7,3,558,20.335276967930028,558,20.439560439560438
14,3,6D7,4,510,18.58600583090379,510,18.681318681318682
14,3,6D7,5,438,15.962099125364432,438,16.043956043956044
14,3,6D7,6,342,12.463556851311953,342,12.527472527472527
14,3,6D7,7,222,8.090379008746355,222,8.131868131868131
14,3,6D7,8,78,2.8425655976676385,78,2.857142857142857
14,4,0000,0,1,0.002603082049146189,0,0.0
14,4,0000,1,13,0.033840066638900455,0,0.0
14,4,61B8 -> A1B4 -> A574,0,3,0.007809246147438567,3,0.007812093120149992
14,4,61B8 -> A1B4 -> A574,1,1917,4.990108288213245,1917,4.991927503775845
14,4,61B8 -> A1B4 -> A574,2,3456,8.99625156184923,3456,8.99953127441279
14,4,61B8 -> A1B4 -> A574,3,14112,36.734693877551024,14112,36.748086037185566
14,4,61B8 -> A1B4 -> A574,4,4928,12.82798833819242,4928,12.832664965366387
14,4,61B8 -> A1B4 -> A574,5,7226,18.809870887130362,7226,18.81672829540128
14,4,61B8 -> A1B4 -> A574,6,1936,5.039566847147022,1936,5.041404093536795
14,4,61B8 -> A1B4 -> A574,7,1536,3.9983340274885464,1536,3.999791677516796
14,4,61B8 -> A1B4 -> A574,8,1320,3.4360683048729697,1320,3.4373209728659964
14,4,61B8 -> A1B4 -> A574,9,1968,5.1228654727197,1968,5.124733086818395
14,5,00000,0,1,0.00018593443208187065,0,0.0
14,5,00000,1,13,0.0024171476170643186,0,0.0
14,5,75D77 -> 7DDD6,0,2,0.0003718688641637413,2,0.00037187854446737697
14,5,75D77 -> 7DDD6,1,5798,1.078047837210686,5798,1.0780759004109257
14,5,75D77 -> 7DDD6,2,910,0.16920033319450228,910,0.1692047377326565
14,5,93D95 -> A3D94 -> A5D74 -> 94D85,0,4,0.0007437377283274826,4,0.0007437570889347539
14,5,93D95 -> A3D94 -> A5D74 -> 94D85,1,46676,8.678675551853395,46676,8.678901470779643
14,5,93D95 -> A3D94 -> A5D74 -> 94D85,2,47450,8.822588802284763,47450,8.822818467488519
14,5,93D95 -> A3D94 -> A5D74 -> 94D85,3,77700,14.44710537276135,77700,14.447481452557595
14,5,93D95 -> A3D94 -> A5D74 -> 94D85,4,130130,24.19564764681383,130130,24.19627749576988
14,5,93D95 -> A3D94 -> A5D74 -> 94D85,5,93000,17.29190218361397,93000,17.292352317733027
14,5,93D95 -> A3D94 -> A5D74 -> 94D85,6,38580,7.1733503897185695,38580,7.173537122775701
14,5,93D95 -> A3D94 -> A5D74 -> 94D85,7,12690,2.3595079431189387,12690,2.3595693646455067
14,5,93D95 -> A3D94 -> A5D74 -> 94D85,8,16370,3.0437466531802224,16370,3.0438258864654806
14,5,93D95 -> A3D94 -> A5D74 -> 94D85,9,33240,6.18046052240138,33240,6.180621409047805
14,5,93D95 -> A3D94 -> A5D74 -> 94D85,10,33530,6.234381507705123,33530,6.234543797995575
14,5,93D95 -> A3D94 -> A5D74 -> 94D85,11,1730,0.32166656750163625,1730,0.32167494096428106
14,6,000000,0,1,1.328103086299076e-05,0,0.0
14,6,000000,1,13,0.00017265340121887989,0,0.0
14,6,530CA9 -> C73962 -> A60C74 -> C60C72 -> CA0C32 -> CA6632 -> A6DD64 -> 973965 -> 640C98 -> C51B82 -> B92A43 -> 974865,0,12,0.00015937237035588912,12,0.00015937266668455182
14,6,530CA9 -> C73962 -> A60C74 -> C60C72 -> CA0C32 -> CA6632 -> A6DD64 -> 973965 -> 640C98 -> C51B82 -> B92A43 -> 974865,1,332868,4.4208301813020086,332868,4.420838401162783
14,6,530CA9 -> C73962 -> A60C74 -> C60C72 -> CA0C32 -> CA6632 -> A6DD64 -> 973965 -> 640C98 -> C51B82 -> B92A43 -> 974865,2,559080,7.425158734880874,559080,7.42517254083327
14,6,530CA9 -> C73962 -> A60C74 -> C60C72 -> CA0C32 -> CA6632 -> A6DD64 -> 973965 -> 640C98 -> C51B82 -> B92A43 -> 974865,3,405900,5.39077042728795,405900,5.390780450604965
14,6,530CA9 -> C73962 -> A60C74 -> C60C72 -> CA0C32 -> CA6632 -> A6DD64 -> 973965 -> 640C98 -> C51B82 -> B92A43 -> 974865,4,257760,3.4233185152444983,257760,3.423324880384173
14,6,530CA9 -> C73962 -> A60C74 -> C60C72 -> CA0C32 -> CA6632 -> A6DD64 -> 973965 -> 640C98 -> C51B82 -> B92A43 -> 974865,5,168360,2.2359943560931246,168360,2.235998513584262
14,6,530CA9 -> C73962 -> A60C74 -> C60C72 -> CA0C32 -> CA6632 -> A6DD64 -> 973965 -> 640C98 -> C51B82 -> B92A43 -> 974865,6,129760,1.723346564781681,129760,1.723349769082287
14,6,530CA9 -> C73962 -> A60C74 -> C60C72 -> CA0C32 -> CA6632 -> A6DD64 -> 973965 -> 640C98 -> C51B82 -> B92A43 -> 974865,7,103200,1.3706023850606466,103200,1.3706049334871457
14,6,530CA9 -> C73962 -> A60C74 -> C60C72 -> CA0C32 -> CA6632 -> A6DD64 -> 973965 -> 640C98 -> C51B82 -> B92A43 -> 974865,8,105840,1.405664306538942,105840,1.405666920157747
14,6,530CA9 -> C73962 -> A60C74 -> C60C72 -> CA0C32 -> CA6632 -> A6DD64 -> 973965 -> 640C98 -> C51B82 -> B92A43 -> 974865,9,213380,2.8339063655449683,213380,2.8339116347624724
14,6,530CA9 -> C73962 -> A60C74 -> C60C72 -> CA0C32 -> CA6632 -> A6DD64 -> 973965 -> 640C98 -> C51B82 -> B92A43 -> 974865,10,375000,4.980386573621535,375000,4.980395833892245
14,6,530CA9 -> C73962 -> A60C74 -> C60C72 -> CA0C32 -> CA6632 -> A6DD64 -> 973965 -> 640C98 -> C51B82 -> B92A43 -> 974865,11,297516,3.9513191782335593,297516,3.9513265251100935
14,6,530CA9 -> C73962 -> A60C74 -> C60C72 -> CA0C32 -> CA6632 -> A6DD64 -> 973965 -> 640C98 -> C51B82 -> B92A43 -> 974865,12,261180,3.468739640795927,261180,3.46874609038927
14,6,530CA9 -> C73962 -> A60C74 -> C60C72 -> CA0C32 -> CA6632 -> A6DD64 -> 973965 -> 640C98 -> C51B82 -> B92A43 -> 974865,13,370960,4.926731208935053,370960,4.926740369441779
14,6,530CA9 -> C73962 -> A60C74 -> C60C72 -> CA0C32 -> CA6632 -> A6DD64 -> 973965 -> 640C98 -> C51B82 -> B92A43 -> 974865,14,210100,2.790344584314359,210100,2.7903497725353614
14,6,530CA9 -> C73962 -> A60C74 -> C60C72 -> CA0C32 -> CA6632 -> A6DD64 -> 973965 -> 640C98 -> C51B82 -> B92A43 -> 974865,15,138852,1.844097697387993,138852,1.844101126206949
14,6,530CA9 -> C73962 -> A60C74 -> C60C72 -> CA0C32 -> CA6632 -> A6DD64 -> 973965 -> 640C98 -> C51B82 -> B92A43 -> 974865,16,55056,0.7312004351928193,55056,0.7312017947487237
14,6,530CA9 -> C73962 -> A60C74 -> C60C72 -> CA0C32 -> CA6632 -> A6DD64 -> 973965 -> 640C98 -> C51B82 -> B92A43 -> 974865,17,146040,1.9395617472311706,146040,1.9395653535509956
14,6,530CA9 -> C73962 -> A60C74 -> C60C72 -> CA0C32 -> CA6632 -> A6DD64 -> 973965 -> 640C98 -> C51B82 -> B92A43 -> 974865,18,249960,3.3197264745131707,249960,3.3197326470392143
14,6,530CA9 -> C73962 -> A60C74 -> C60C72 -> CA0C32 -> CA6632 -> A6DD64 -> 973965 -> 640C98 -> C51B82 -> B92A43 -> 974865,19,280560,3.726126018920688,280560,3.7261329470848215
14,6,530CA9 -> C73962 -> A60C74 -> C60C72 -> CA0C32 -> CA6632 -> A6DD64 -> 973965 -> 640C98 -> C51B82 -> B92A43 -> 974865,20,205260,2.7260643949374836,205260,2.726069463639259
14,6,530CA9 -> C73962 -> A60C74 -> C60C72 -> CA0C32 -> CA6632 -> A6DD64 -> 973965 -> 640C98 -> C51B82 -> B92A43 -> 974865,21,213576,2.8365094475941146,213576,2.8365147216516533
14,6,530CA9 -> C73962 -> A60C74 -> C60C72 -> CA0C32 -> CA6632 -> A6DD64 -> 973965 -> 640C98 -> C51B82 -> B92A43 -> 974865,22,111600,1.4821630443097689,111600,1.482165800166332
14,6,530CA9 -> C73962 -> A60C74 -> C60C72 -> CA0C32 -> CA6632 -> A6DD64 -> 973965 -> 640C98 -> C51B82 -> B92A43 -> 974865,23,155156,2.0606316245781944,155156,2.060635456009027
14,6,530CA9 -> C73962 -> A60C74 -> C60C72 -> CA0C32 -> CA6632 -> A6DD64 -> 973965 -> 640C98 -> C51B82 -> B92A43 -> 974865,24,157820,2.096012290797202,157820,2.0960161880129973
14,6,530CA9 -> C73962 -> A60C74 -> C60C72 -> CA0C32 -> CA6632 -> A6DD64 -> 973965 -> 640C98 -> C51B82 -> B92A43 -> 974865,25,184680,2.452740779777134,184680,2.4527453402752526
14,6,530CA9 -> C73962 -> A60C74 -> C60C72 -> CA0C32 -> CA6632 -> A6DD64 -> 973965 -> 640C98 -> C51B82 -> B92A43 -> 974865,26,222480,2.9547637463981844,222480,2.954769240331591
14,6,530CA9 -> C73962 -> A60C74 -> C60C72 -> CA0C32 -> CA6632 -> A6DD64 -> 973965 -> 640C98 -> C51B82 -> B92A43 -> 974865,27,145656,1.9344618313797823,145656,1.93446542821709
14,6,530CA9 -> C73962 -> A60C74 -> C60C72 -> CA0C32 -> CA6632 -> A6DD64 -> 973965 -> 640C98 -> C51B82 -> B92A43 -> 974865,28,191960,2.549426684459706,191960,2.5494314247305474
14,6,530CA9 -> C73962 -> A60C74 -> C60C72 -> CA0C32 -> CA6632 -> A6DD64 -> 973965 -> 640C98 -> C51B82 -> B92A43 -> 974865,29,51240,0.6805200214196466,51240,0.6805212867430362
14,6,76DD67,0,1,1.328103086299076e-05,1,1.3281055557045986e-05
14,6,76DD67,1,3989,0.052978032112470146,3989,0.05297813061705643
14,6,A40C94 -> C64872,0,2,2.656206172598152e-05,2,2.656211111409197e-05
14,6,A40C94 -> C64872,1,59758,0.7936478423106019,59758,0.793649317977954
14,6,A40C94 -> C64872,2,135360,1.7977203376144293,135360,1.7977236802017444
14,6,A40C94 -> C64872,3,37800,0.5020229666210507,37800,0.5020239000563382
14,6,A80C54 -> C62A72,0,2,2.656206172598152e-05,2,2.656211111409197e-05
14,6,A80C54 -> C62A72,1,65518,0.8701465800814286,65518,0.8701481979865389
14,6,A80C54 -> C62A72,2,191280,2.540395583472873,191280,2.540400306951756
14,6,A80C54 -> C62A72,3,90960,1.2080425672976396,90960,1.2080448134689028
14,6,A80C54 -> C62A72,4,39960,0.5307099932851108,39960,0.5307109800595575
14,6,A80C54 -> C62A72,5,94680,1.2574480021079653,94680,1.257450340141114
14,6,A80C54 -> C62A72,6,248520,3.300601790070464,248520,3.3006079270370683
14,6,A80C54 -> C62A72,7,211680,2.811328613077884,211680,2.811333840315494
14,6,A80C54 -> C62A72,8,49200,0.6534267184591455,49200,0.6534279334066625
15,2,00,0,1,0.4444444444444444,0,0.0
15,2,00,1,14,6.222222222222222,0,0.0
15,2,00,2,14,6.222222222222222,14,6.666666666666667
15,2,00,3,28,12.444444444444445,28,13.333333333333334
15,2,00,4,56,24.88888888888889,56,26.666666666666668
15,2,00,5,112,49.77777777777778,112,53.333333333333336
15,3,000,0,1,0.02962962962962963,0,0.0
15,3,000,1,14,0.4148148148148148,0,0.0
15,3,6E8 -> 7E7,0,2,0.05925925925925926,2,0.05952380952380952
15,3,6E8 -> 7E7,1,670,19.85185185185185,670,19.94047619047619
15,3,6E8 -> 7E7,2,324,9.6,324,9.642857142857142
15,3,6E8 -> 7E7,3,624,18.488888888888887,624,18.571428571428573
15,3,6E8 -> 7E7,4,564,16.711111111111112,564,16.785714285714285
15,3,6E8 -> 7E7,5,480,14.222222222222221,480,14.285714285714286
15,3,6E8 -> 7E7,6,372,11.022222222222222,372,11.071428571428571
15,3,6E8 -> 7E7,7,240,7.111111111111111,240,7.142857142857143
15,3,6E8 -> 7E7,8,84,2.488888888888889,84,2.5
15,4,0000,0,1,0.0019753086419753087,0,0.0
15,4,0000,1,14,0.027654320987654323,0,0.0
15,4,30DC -> D852 -> B2B4 -> 9676,0,4,0.007901234567901235,4,0.007903576368306658
15,4,30DC -> D852 -> B2B4 -> 9676,1,1820,3.595061728395062,1820,3.59612724757953
15,4,30DC -> D852 -> B2B4 -> 9676,2,5800,11.45679012345679,5800,11.460185734044655
15,4,30DC -> D852 -> B2B4 -> 9676,3,2428,4.796049382716049,2428,4.797470855562142
15,4,50DA -> D492 -> B494 -> 7498,0,4,0.007901234567901235,4,0.007903576368306658
15,4,50DA -> D492 -> B494 -> 7498,1,2300,4.54320987654321,2300,4.544556411776329
15,4,50DA -> D492 -> B494 -> 7498,2,5376,10.619259259259259,5376,10.622406639004149
15,4,50DA -> D492 -> B494 -> 7498,3,1810,3.5753086419753086,1810,3.5763683066587633
15,4,52BA -> 9496,0,2,0.003950617283950617,2,0.003951788184153329
15,4,52BA -> 9496,1,1054,2.0819753086419754,1054,2.0825923730488047
15,4,52BA -> 9496,2,3496,6.905679012345679,3496,6.90772574590002
15,4,52BA -> 9496,3,618,1.2207407407407407,618,1.2211025489033789
15,4,70D8 -> D0D2 -> DA32 -> B674,0,4,0.007901234567901235,4,0.007903576368306658
15,4,70D8 -> D0D2 -> DA32 -> B674,1,2204,4.35358024691358,2204,4.354870578936969
15,4,70D8 -> D0D2 -> DA32 -> B674,2,5896,11.64641975308642,5896,11.649871566884014
15,4,70D8 -> D0D2 -> DA32 -> B674,3,892,1.7619753086419754,892,1.7624975301323849
15,4,70D8 -> D0D2 -> DA32 -> B674,4,644,1.2720987654320988,644,1.272475795297372
15,4,72B8 -> 90D6 -> D2B2 -> B854,0,4,0.007901234567901235,4,0.007903576368306658
15,4,72B8 -> 90D6 -> D2B2 -> B854,1,2588,5.112098765432099,2588,5.113613910294408
15,4,72B8 -> 90D6 -> D2B2 -> B854,2,5568,10.998518518518518,5568,11.001778304682869
15,4,72B8 -> 90D6 -> D2B2 -> B854,3,1378,2.721975308641975,1378,2.722782058881644
15,4,92B6,0,1,0.0019753086419753087,1,0.0019758940920766646
15,4,92B6,1,863,1.7046913580246914,863,1.7051966014621616
15,4,92B6,2,1296,2.56,1296,2.5607587433313572
15,4,B0D4 -> D672,0,2,0.003950617283950617,2,0.003951788184153329
15,4,B0D4 -> D672,1,1246,2.4612345679012346,1246,2.4619640387275243
15,4,B0D4 -> D672,2,3312,6.542222222222223,3312,6.544161232957913
15,5,00000,0,1,0.00013168724279835392,0,0.0
15,5,00000,1,14,0.0018436213991769547,0,0.0
15,5,A4E95,0,1,0.00013168724279835392,1,0.0001316898440792246
15,5,A4E95,1,14899,1.962008230452675,14899,1.9620469869363675
15,5,A4E95,2,27650,3.6411522633744857,27650,3.6412241887905603
15,5,A4E95,3,58090,7.649711934156379,58090,7.649863042562157
15,5,A4E95,4,106850,14.070781893004115,106850,14.07105983986515
15,5,A4E95,5,102340,13.476872427983539,102340,13.477138643067846
15,5,A4E95,6,55660,7.329711934156379,55660,7.329856721449642
15,5,A4E95,7,44670,5.882469135802469,44670,5.882585335018963
15,5,A4E95,8,41240,5.430781893004116,41240,5.430889169827223
15,5,A4E95,9,87240,11.488395061728395,87240,11.488621997471554
15,5,A4E95,10,129560,17.061399176954733,129560,17.06173619890434
15,5,A4E95,11,63560,8.370041152263374,63560,8.370206489675516
15,5,A4E95,12,24490,3.225020576131687,24490,3.2250842815002105
15,5,A4E95,13,3110,0.40954732510288067,3110,0.40955541508638854
15,6,000000,0,1,8.77914951989026e-06,0,0.0
15,6,000000,1,14,0.00012290809327846364,0,0.0
15,6,41EECB -> DA0D42 -> DB5832 -> B82B64 -> 971C76 -> B2EEB4 -> C9EE43 -> BA2B44 -> 975876,0,9,7.901234567901235e-05,9,7.901244972832886e-05
15,6,41EECB -> DA0D42 -> DB5832 -> B82B64 -> 971C76 -> B2EEB4 -> C9EE43 -> BA2B44 -> 975876,1,229311,2.0131555555555556,229311,2.013158206628091
15,6,41EECB -> DA0D42 -> DB5832 -> B82B64 -> 971C76 -> B2EEB4 -> C9EE43 -> BA2B44 -> 975876,2,493548,4.332931687242798,493548,4.332937393168583
15,6,41EECB -> DA0D42 -> DB5832 -> B82B64 -> 971C76 -> B2EEB4 -> C9EE43 -> BA2B44 -> 975876,3,889200,7.80641975308642,889200,7.806430033158891
15,6,41EECB -> DA0D42 -> DB5832 -> B82B64 -> 971C76 -> B2EEB4 -> C9EE43 -> BA2B44 -> 975876,4,1577160,13.846123456790123,1577160,13.846141690392349
15,6,41EECB -> DA0D42 -> DB5832 -> B82B64 -> 971C76 -> B2EEB4 -> C9EE43 -> BA2B44 -> 975876,5,1498300,13.153799725651577,1498300,13.15381704755057
15,6,41EECB -> DA0D42 -> DB5832 -> B82B64 -> 971C76 -> B2EEB4 -> C9EE43 -> BA2B44 -> 975876,6,798868,7.013381618655693,798868,7.013390854396736
15,6,41EECB -> DA0D42 -> DB5832 -> B82B64 -> 971C76 -> B2EEB4 -> C9EE43 -> BA2B44 -> 975876,7,577680,5.0715390946502055,577680,5.071545773229002
15,6,41EECB -> DA0D42 -> DB5832 -> B82B64 -> 971C76 -> B2EEB4 -> C9EE43 -> BA2B44 -> 975876,8,1181520,10.37274074074074,1181520,10.372754400335014
15,6,41EECB -> DA0D42 -> DB5832 -> B82B64 -> 971C76 -> B2EEB4 -> C9EE43 -> BA2B44 -> 975876,9,154648,1.357677914951989,154648,1.3576797028429557
15,6,41EECB -> DA0D42 -> DB5832 -> B82B64 -> 971C76 -> B2EEB4 -> C9EE43 -> BA2B44 -> 975876,10,219840,1.9300082304526749,219840,1.9300107720306463
15,6,41EECB -> DA0D42 -> DB5832 -> B82B64 -> 971C76 -> B2EEB4 -> C9EE43 -> BA2B44 -> 975876,11,719400,6.315720164609053,719400,6.315728481617754
15,6,41EECB -> DA0D42 -> DB5832 -> B82B64 -> 971C76 -> B2EEB4 -> C9EE43 -> BA2B44 -> 975876,12,735828,6.45994403292181,735828,6.4599525398551965
15,6,41EECB -> DA0D42 -> DB5832 -> B82B64 -> 971C76 -> B2EEB4 -> C9EE43 -> BA2B44 -> 975876,13,170640,1.4980740740740741,170640,1.4980760468491152
15,6,41EECB -> DA0D42 -> DB5832 -> B82B64 -> 971C76 -> B2EEB4 -> C9EE43 -> BA2B44 -> 975876,14,9060,0.07953909465020575,9060,0.07953919939318439
15,6,960D86 -> D31CB2 -> CA7643,0,3,2.6337448559670783e-05,3,2.6337483242776285e-05
15,6,960D86 -> D31CB2 -> CA7643,1,86517,0.7595456790123457,86517,0.7595466792384253
15,6,960D86 -> D31CB2 -> CA7643,2,120900,1.0613991769547324,120900,1.0614005746838844
15,6,960D86 -> D31CB2 -> CA7643,3,264780,2.324543209876543,264780,2.324546271007435
15,6,960D86 -> D31CB2 -> CA7643,4,437640,3.8421069958847736,437640,3.8421120554562047
15,6,960D86 -> D31CB2 -> CA7643,5,427380,3.7520329218106996,427380,3.75203786276591
15,6,960D86 -> D31CB2 -> CA7643,6,465900,4.090205761316873,465900,4.090211147603157
15,6,960D86 -> D31CB2 -> CA7643,7,28488,0.25010041152263374,28488,0.2501007408734036
15,6,960D86 -> D31CB2 -> CA7643,8,43040,0.3778545953360768,43040,0.37785509292303043
15,6,960D86 -> D31CB2 -> CA7643,9,74220,0.6515884773662551,74220,0.6515893354262854
15,6,960D86 -> D31CB2 -> CA7643,10,100240,0.8800219478737997,100240,0.880023106751965
15,6,960D86 -> D31CB2 -> CA7643,11,53648,0.4709838134430727,53648,0.4709844336694874
15,6,960D86 -> D31CB2 -> CA7643,12,31288,0.2746820301783265,31288,0.2746823918999948
15,6,960D86 -> D31CB2 -> CA7643,13,1554,0.013642798353909465,1554,0.013642816319758116
16,2,00,0,1,0.390625,0,0.0
16,2,00,1,15,5.859375,0,0.0
16,2,0F -> E1 -> C3 -> 87,0,4,1.5625,4,1.6666666666666667
16,2,0F -> E1 -> C3 -> 87,1,48,18.75,48,20.0
16,2,0F -> E1 -> C3 -> 87,2,68,26.5625,68,28.333333333333332
16,2,2D -> A5 -> 4B -> 69,0,4,1.5625,4,1.6666666666666667
16,2,2D -> A5 -> 4B -> 69,1,72,28.125,72,30.0
16,2,2D -> A5 -> 4B -> 69,2,44,17.1875,44,18.333333333333332
16,3,000,0,1,0.0244140625,0,0.0
16,3,000,1,15,0.3662109375,0,0.0
16,3,7F8,0,1,0.0244140625,1,0.024509803921568627
16,3,7F8,1,383,9.3505859375,383,9.387254901960784
16,3,7F8,2,378,9.228515625,378,9.264705882352942
16,3,7F8,3,738,18.017578125,738,18.08823529411765
16,3,7F8,4,690,16.845703125,690,16.91176470588235
16,3,7F8,5,618,15.087890625,618,15.147058823529411
16,3,7F8,6,522,12.744140625,522,12.794117647058824
16,3,7F8,7,402,9.814453125,402,9.852941176470589
16,3,7F8,8,258,6.298828125,258,6.323529411764706
16,3,7F8,9,90,2.197265625,90,2.2058823529411766
16,4,0000,0,1,0.00152587890625,0,0.0
16,4,0000,1,15,0.02288818359375,0,0.0
16,4,1FFE -> E0E2 -> EB32 -> C774 -> 7FF8 -> 8688,0,6,0.0091552734375,6,0.009157509157509158
16,4,1FFE -> E0E2 -> EB32 -> C774 -> 7FF8 -> 8688,1,2306,3.5186767578125,2306,3.5195360195360195
16,4,1FFE -> E0E2 -> EB32 -> C774 -> 7FF8 -> 8688,2,4528,6.9091796875,4528,6.910866910866911
16,4,1FFE -> E0E2 -> EB32 -> C774 -> 7FF8 -> 8688,3,9192,14.02587890625,9192,14.02930402930403
16,4,1FFE -> E0E2 -> EB32 -> C774 -> 7FF8 -> 8688,4,9672,14.75830078125,9672,14.761904761904763
16,4,1FFE -> E0E2 -> EB32 -> C774 -> 7FF8 -> 8688,5,3384,5.16357421875,3384,5.164835164835165
16,4,1FFE -> E0E2 -> EB32 -> C774 -> 7FF8 -> 8688,6,2448,3.7353515625,2448,3.7362637362637363
16,4,30ED -> E952 -> C3B4 -> 9687,0,4,0.006103515625,4,0.006105006105006105
16,4,30ED -> E952 -> C3B4 -> 9687,1,1916,2.923583984375,1916,2.924297924297924
16,4,30ED -> E952 -> C3B4 -> 9687,2,3888,5.9326171875,3888,5.934065934065934
16,4,30ED -> E952 -> C3B4 -> 9687,3,7440,11.3525390625,7440,11.355311355311356
16,4,30ED -> E952 -> C3B4 -> 9687,4,1680,2.5634765625,1680,2.5641025641025643
16,4,3FFC -> C2C4 -> A776,0,3,0.00457763671875,3,0.004578754578754579
16,4,3FFC -> C2C4 -> A776,1,1677,2.55889892578125,1677,2.5595238095238093
16,4,3FFC -> C2C4 -> A776,2,1848,2.81982421875,1848,2.8205128205128207
16,4,3FFC -> C2C4 -> A776,3,1872,2.8564453125,1872,2.857142857142857
16,4,3FFC -> C2C4 -> A776,4,1176,1.79443359375,1176,1.794871794871795
16,4,3FFC -> C2C4 -> A776,5,1440,2.197265625,1440,2.197802197802198
16,4,3FFC -> C2C4 -> A776,6,4512,6.884765625,4512,6.886446886446887
16,4,52CB -> A596,0,2,0.0030517578125,2,0.0030525030525030525
16,4,52CB -> A596,1,1102,1.6815185546875,1102,1.681929181929182
16,4,52CB -> A596,2,1776,2.7099609375,1776,2.7106227106227108
16,4,52CB -> A596,3,672,1.025390625,672,1.0256410256410255
16,4,52CB -> A596,4,2976,4.541015625,2976,4.542124542124542
16,5,00000,0,1,9.5367431640625e-05,0,0.0
16,5,00000,1,15,0.001430511474609375,0,0.0
16,5,86F88 -> 8FFF7,0,2,0.00019073486328125,2,0.00019073777370870527
16,5,86F88 -> 8FFF7,1,7748,0.7389068603515625,7748,0.7389181353475243
16,5,86F88 -> 8FFF7,2,1200,0.11444091796875,1200,0.11444266422522316
16,5,A3FB6 -> C4FA4 -> B7F75,0,3,0.000286102294921875,3,0.0002861066605630579
16,5,A3FB6 -> C4FA4 -> B7F75,1,48177,4.594516754150391,48177,4.594586861982147
16,5,A3FB6 -> C4FA4 -> B7F75,2,35200,3.35693359375,35200,3.356984817273213
16,5,A3FB6 -> C4FA4 -> B7F75,3,23800,2.269744873046875,23800,2.2697795071335927
16,5,A3FB6 -> C4FA4 -> B7F75,4,50640,4.82940673828125,50640,4.829480430304417
16,5,A3FB6 -> C4FA4 -> B7F75,5,65440,6.2408447265625,65440,6.2409399557488365
16,5,A3FB6 -> C4FA4 -> B7F75,6,141360,13.48114013671875,141360,13.481345845731289
16,5,A3FB6 -> C4FA4 -> B7F75,7,212580,20.273208618164062,212580,20.273517967498282
16,5,A3FB6 -> C4FA4 -> B7F75,8,111870,10.668754577636719,111870,10.668917372396429
16,5,A3FB6 -> C4FA4 -> B7F75,9,30010,2.8619766235351562,30010,2.8620202944991227
16,5,A3FB6 -> C4FA4 -> B7F75,10,150,0.01430511474609375,150,0.014305333028152895
16,5,A4FA6 -> B3FB5 -> C5F94 -> B6F85,0,4,0.0003814697265625,4,0.00038147554741741054
16,5,A4FA6 -> B3FB5 -> C5F94 -> B6F85,1,68476,6.5303802490234375,68476,6.530479896238651
16,5,A4FA6 -> B3FB5 -> C5F94 -> B6F85,2,49480,4.718780517578125,49480,4.7188525215533685
16,5,A4FA6 -> B3FB5 -> C5F94 -> B6F85,3,56600,5.397796630859375,56600,5.39787899595636
16,5,A4FA6 -> B3FB5 -> C5F94 -> B6F85,4,90990,8.677482604980469,90990,8.677615014877546
16,5,A4FA6 -> B3FB5 -> C5F94 -> B6F85,5,52520,5.008697509765625,52520,5.0087739375906
16,5,A4FA6 -> B3FB5 -> C5F94 -> B6F85,6,2310,0.22029876708984375,2310,0.22030212863355458
16,6,000000,0,1,5.9604644775390625e-06,0,0.0
16,6,000000,1,15,8.940696716308594e-05,0,0.0
16,6,310EED -> ED9522 -> CB3B44 -> 976887,0,4,2.384185791015625e-05,4,2.384188064754548e-05
16,6,310EED -> ED9522 -> CB3B44 -> 976887,1,29756,0.17735958099365234,29756,0.17735975013709082
16,6,310EED -> ED9522 -> CB3B44 -> 976887,2,49560,0.29540061950683594,49560,0.2954009012230885
16,6,310EED -> ED9522 -> CB3B44 -> 976887,3,24360,0.14519691467285156,24360,0.14519705314355197
16,6,532CCB -> A95966,0,2,1.1920928955078125e-05,2,1.192094032377274e-05
16,6,532CCB -> A95966,1,15538,0.09261369705200195,15538,0.09261378537539042
16,6,532CCB -> A95966,2,27620,0.1646280288696289,27620,0.16462818587130154
16,6,840EB8 -> E6FF82 -> D95963 -> A42CB6 -> A73B86,0,5,2.9802322387695312e-05,5,2.9802350809431848e-05
16,6,840EB8 -> E6FF82 -> D95963 -> A42CB6 -> A73B86,1,190555,1.135796308517456,190555,1.135797391698257
16,6,840EB8 -> E6FF82 -> D95963 -> A42CB6 -> A73B86,2,233040,1.3890266418457031,233040,1.3890279665259995
16,6,840EB8 -> E6FF82 -> D95963 -> A42CB6 -> A73B86,3,529320,3.1549930572509766,529320,3.154996066089693
16,6,840EB8 -> E6FF82 -> D95963 -> A42CB6 -> A73B86,4,366960,2.1872520446777344,366960,2.187254130605822
16,6,840EB8 -> E6FF82 -> D95963 -> A42CB6 -> A73B86,5,277740,1.6554594039916992,277740,1.6554609827623203
16,6,840EB8 -> E6FF82 -> D95963 -> A42CB6 -> A73B86,6,139920,0.8339881896972656,139920,0.8339889850511408
16,6,840EB8 -> E6FF82 -> D95963 -> A42CB6 -> A73B86,7,208500,1.2427568435668945,208500,1.242758028753308
16,6,840EB8 -> E6FF82 -> D95963 -> A42CB6 -> A73B86,8,317040,1.8897056579589844,317040,1.8897074601244546
16,6,840EB8 -> E6FF82 -> D95963 -> A42CB6 -> A73B86,9,413640,2.465486526489258,413640,2.4654888777626778
16,6,840EB8 -> E6FF82 -> D95963 -> A42CB6 -> A73B86,10,101760,0.606536865234375,101760,0.606537443673557
16,6,87FF78,0,1,5.9604644775390625e-06,1,5.96047016188637e-06
16,6,87FF78,1,5279,0.03146529197692871,5279,0.031465321984598144
16,6,A80E76 -> E40EB2 -> EC6832 -> C91D64 -> C82C74,0,5,2.9802322387695312e-05,5,2.9802350809431848e-05
16,6,A80E76 -> E40EB2 -> EC6832 -> C91D64 -> C82C74,1,233995,1.394718885421753,233995,1.394720215530601
16,6,A80E76 -> E40EB2 -> EC6832 -> C91D64 -> C82C74,2,505440,3.0126571655273438,505440,3.0126600386238467
16,6,A80E76 -> E40EB2 -> EC6832 -> C91D64 -> C82C74,3,392160,2.3374557495117188,392160,2.3374579786853587
16,6,A80E76 -> E40EB2 -> EC6832 -> C91D64 -> C82C74,4,280800,1.6736984252929688,280800,1.6737000214576925
16,6,A80E76 -> E40EB2 -> EC6832 -> C91D64 -> C82C74,5,387000,2.306699752807617,387000,2.306701952650025
16,6,A80E76 -> E40EB2 -> EC6832 -> C91D64 -> C82C74,6,461640,2.751588821411133,461640,2.7515914455332235
16,6,A80E76 -> E40EB2 -> EC6832 -> C91D64 -> C82C74,7,541560,3.2279491424560547,541560,3.2279522208711824
16,6,A80E76 -> E40EB2 -> EC6832 -> C91D64 -> C82C74,8,350880,2.0914077758789062,350880,2.0914097704026893
16,6,A80E76 -> E40EB2 -> EC6832 -> C91D64 -> C82C74,9,600060,3.57663631439209,600060,3.576639725341535
16,6,A80E76 -> E40EB2 -> EC6832 -> C91D64 -> C82C74,10,605220,3.6073923110961914,605220,3.6073957513768686
16,6,A80E76 -> E40EB2 -> EC6832 -> C91D64 -> C82C74,11,907440,5.408763885498047,907440,5.408769043702168
16,6,A80E76 -> E40EB2 -> EC6832 -> C91D64 -> C82C74,12,774840,4.618406295776367,774840,4.618410700236034
16,6,A80E76 -> E40EB2 -> EC6832 -> C91D64 -> C82C74,13,542600,3.2341480255126953,542600,3.2341511098395443
16,6,A80E76 -> E40EB2 -> EC6832 -> C91D64 -> C82C74,14,745880,4.445791244506836,745880,4.445795484347805
16,6,A80E76 -> E40EB2 -> EC6832 -> C91D64 -> C82C74,15,594660,3.544449806213379,594660,3.5444531864673485
16,6,A80E76 -> E40EB2 -> EC6832 -> C91D64 -> C82C74,16,394920,2.3539066314697266,394920,2.353908876332165
16,6,A80E76 -> E40EB2 -> EC6832 -> C91D64 -> C82C74,17,252880,1.5072822570800781,252880,1.5072836945378252
16,6,A80E76 -> E40EB2 -> EC6832 -> C91D64 -> C82C74,18,223560,1.3325214385986328,223560,1.3325227093913168
16,6,A80E76 -> E40EB2 -> EC6832 -> C91D64 -> C82C74,19,438920,2.6161670684814453,438920,2.6161695634551654
16,6,A80E76 -> E40EB2 -> EC6832 -> C91D64 -> C82C74,20,486960,2.902507781982422,486960,2.9025105500321864
16,6,A80E76 -> E40EB2 -> EC6832 -> C91D64 -> C82C74,21,268020,1.5975236892700195,268020,1.5975252127887847
16,6,A80E76 -> E40EB2 -> EC6832 -> C91D64 -> C82C74,22,506880,3.021240234375,506880,3.0212431156569632
16,6,A80E76 -> E40EB2 -> EC6832 -> C91D64 -> C82C74,23,307240,1.8312931060791016,307240,1.8312948525379682
16,6,A80E76 -> E40EB2 -> EC6832 -> C91D64 -> C82C74,24,364800,2.17437744140625,364800,2.1743795150561476
16,6,A80E76 -> E40EB2 -> EC6832 -> C91D64 -> C82C74,25,261520,1.5587806701660156,261520,1.5587821567365234
16,6,A80E76 -> E40EB2 -> EC6832 -> C91D64 -> C82C74,26,367320,2.1893978118896484,367320,2.1893998998641013
16,6,A80E76 -> E40EB2 -> EC6832 -> C91D64 -> C82C74,27,347820,2.0731687545776367,347820,2.073170731707317
16,6,A80E76 -> E40EB2 -> EC6832 -> C91D64 -> C82C74,28,148680,0.8862018585205078,148680,0.8862027036692655
16,6,A80E76 -> E40EB2 -> EC6832 -> C91D64 -> C82C74,29,218160,1.3003349304199219,218160,1.3003361705171304
16,6,A80E76 -> E40EB2 -> EC6832 -> C91D64 -> C82C74,30,154080,0.9183883666992188,154080,0.9183892425434518
16,6,A80E76 -> E40EB2 -> EC6832 -> C91D64 -> C82C74,31,2580,0.015377998352050781,2580,0.015378013017666834
16,6,C60E94 -> E82C72 -> CA0E54 -> E84A72,0,4,2.384185791015625e-05,4,2.384188064754548e-05
16,6,C60E94 -> E82C72 -> CA0E54 -> E84A72,1,205916,1.2273550033569336,205916,1.2273561738549936
16,6,C60E94 -> E82C72 -> CA0E54 -> E84A72,2,536160,3.1957626342773438,536160,3.195765681996996
16,6,C60E94 -> E82C72 -> CA0E54 -> E84A72,3,165120,0.98419189453125,165120,0.9841928331306774
16,6,C60E94 -> E82C72 -> CA0E54 -> E84A72,4,75480,0.44989585876464844,75480,0.44989628781918317
16,6,C60E94 -> E82C72 -> CA0E54 -> E84A72,5,56760,0.3383159637451172,56760,0.33831628638867034
16,6,C60E94 -> E82C72 -> CA0E54 -> E84A72,6,115560,0.6887912750244141,115560,0.6887919319075889
16,6,C60E94 -> E82C72 -> CA0E54 -> E84A72,7,5040,0.030040740966796875,5040,0.030040769615907303
16,6,C60E94 -> E82C72 -> CA0E54 -> E84A72,8,4240,0.025272369384765625,4240,0.025272393486398207
16,6,C60E94 -> E82C72 -> CA0E54 -> E84A72,9,12600,0.07510185241699219,12600,0.07510192403976826
16,6,C60E94 -> E82C72 -> CA0E54 -> E84A72,10,1200,0.007152557373046875,1200,0.0071525641942636435
