base,digits,ordered_state_count,repdigit_state_count,valid_state_count,permutation_class_count,unique_output_count,attractor_count,fixed_point_count,nontrivial_cycle_count,maximum_cycle_length,maximum_transient_depth_all,maximum_transient_depth_valid,valid_mean_transient_depth,valid_median_transient_depth,valid_population_standard_deviation,valid_attractor_count,unanimous_valid_attractor,largest_valid_basin_size,largest_valid_basin_percentage
2,2,4,2,2,3,2,2,2,0,1,1,1,0.5,0.5,0.5,1,True,2,100.0
2,3,8,2,6,4,2,2,2,0,1,1,1,0.8333333333333334,1.0,0.37267799624996495,1,True,6,100.0
2,4,16,2,14,5,3,3,3,0,1,1,1,0.8571428571428571,1.0,0.3499271061118826,2,False,8,57.142857142857146
2,5,32,2,30,6,3,3,3,0,1,1,1,0.9333333333333333,1.0,0.24944382578492943,2,False,20,66.66666666666667
2,6,64,2,62,7,4,4,4,0,1,1,1,0.9516129032258065,1.0,0.21458281767177534,3,False,30,48.38709677419355
3,2,9,3,6,6,3,1,1,0,1,3,3,2.6666666666666665,3.0,0.4714045207910317,1,True,6,100.0
3,3,27,3,24,10,3,2,1,1,2,1,1,0.9166666666666666,1.0,0.2763853991962833,1,True,24,100.0
3,4,81,3,78,15,6,2,1,1,2,2,2,1.564102564102564,2.0,0.545135682704341,1,True,78,100.0
3,5,243,3,240,21,6,2,2,0,1,4,4,1.8708333333333333,2.0,0.933175209819797,1,True,240,100.0
3,6,729,3,726,28,10,2,1,1,3,3,3,1.8829201101928374,2.0,0.7052032211705355,1,True,726,100.0
4,2,16,4,12,10,4,2,1,1,2,2,2,1.1666666666666667,1.0,0.6871842709362768,1,True,12,100.0
4,3,64,4,60,20,4,2,2,0,1,3,3,1.8833333333333333,2.0,0.8581310441237334,1,True,60,100.0
4,4,256,4,252,35,10,3,2,1,2,3,3,1.5912698412698412,1.0,0.742424154778377,2,False,168,66.66666666666667
4,5,1024,4,1020,56,10,2,1,1,2,4,4,2.6745098039215685,3.0,1.1930917387035695,1,True,1020,100.0
4,6,4096,4,4092,84,20,4,4,0,1,6,6,3.0970185728250246,3.0,1.461838083794769,3,False,3532,86.3147605083089
5,2,25,5,20,15,5,2,2,0,1,3,3,2.05,2.0,0.9205976319760985,2,False,16,80.0
5,3,125,5,120,35,5,2,1,1,2,3,3,1.5833333333333333,1.0,0.8224286527650219,1,True,120,100.0
5,4,625,5,620,70,15,2,2,0,1,4,4,2.391935483870968,2.0,0.8722973721816938,1,True,620,100.0
5,5,3125,5,3120,126,15,2,1,1,4,3,3,1.6333333333333333,2.0,0.5696752711237469,1,True,3120,100.0
5,6,15625,5,15620,210,35,2,1,1,5,5,5,2.188412291933419,2.0,1.0110941141200414,1,True,15620,100.0
6,2,36,6,30,21,6,2,1,1,3,2,2,1.3,1.0,0.6403124237432849,1,True,30,100.0
6,3,216,6,210,56,6,2,2,0,1,4,4,2.395238095238095,3.0,1.0286265417333333,1,True,210,100.0
6,4,1296,6,1290,126,21,2,1,1,6,4,4,1.6728682170542635,2.0,0.7614502623370092,1,True,1290,100.0
6,5,7776,6,7770,252,21,3,2,1,2,6,6,2.961003861003861,3.0,1.4351347888877737,2,False,5440,70.01287001287001
6,6,46656,6,46650,462,56,5,4,1,3,7,7,3.247245444801715,3.0,1.6954530392649558,4,False,26760,57.363344051446944
7,2,49,7,42,28,7,1,1,0,1,4,4,3.4285714285714284,4.0,0.7284313590846835,1,True,42,100.0
7,3,343,7,336,84,7,2,1,1,2,4,4,2.0654761904761907,2.0,1.0753730302527638,1,True,336,100.0
7,4,2401,7,2394,210,28,2,1,1,3,4,4,2.2218045112781954,2.0,0.8299987932954354,1,True,2394,100.0
7,5,16807,7,16800,462,28,2,1,1,5,6,6,2.6294642857142856,2.0,1.473948680589051,1,True,16800,100.0
7,6,117649,7,117642,924,84,2,1,1,6,7,7,2.9398684143418166,3.0,1.4155491903868642,1,True,117642,100.0
8,2,64,8,56,36,8,3,2,1,3,2,2,1.3571428571428572,1.0,0.6102859818083951,2,False,42,75.0
8,3,512,8,504,120,8,2,2,0,1,5,5,2.8313492063492065,3.0,1.2171596217101488,1,True,504,100.0
8,4,4096,8,4088,330,36,3,1,2,5,5,5,2.289628180039139,2.0,1.2395433706879533,2,False,2768,67.71037181996086
8,5,32768,8,32760,792,36,3,1,2,4,8,8,3.5205738705738705,3.0,2.340596578794654,2,False,30850,94.16971916971917
8,6,262144,8,262136,1716,120,4,3,1,3,16,16,8.1272888882107,8.0,4.19216720151594,3,False,232372,88.64558854945524
9,2,81,9,72,45,9,2,1,1,2,3,3,2.138888888888889,2.0,0.8867160944173538,2,False,64,88.88888888888889
9,3,729,9,720,165,9,2,1,1,2,5,5,2.4972222222222222,3.0,1.3017053154977365,1,True,720,100.0
9,4,6561,9,6552,495,45,3,1,2,3,4,4,2.054029304029304,2.0,0.7501397536025701,2,False,3308,50.48840048840049
9,5,59049,9,59040,1287,45,3,2,1,5,7,7,2.725508130081301,3.0,1.4659735101937308,2,False,54870,92.9369918699187
9,6,531441,9,531432,3003,165,2,1,1,14,8,8,3.5104359541766397,3.0,2.082622207222504,1,True,531432,100.0
10,2,100,10,90,55,10,2,1,1,5,2,2,1.3888888888888888,1.0,0.5905636562630361,1,True,90,100.0
10,3,1000,10,990,220,10,2,2,0,1,6,6,3.2414141414141415,3.0,1.4210900710732768,1,True,990,100.0
10,4,10000,10,9990,715,55,2,2,0,1,7,7,4.668368368368369,5.0,1.7757769635471414,1,True,9990,100.0
10,5,100000,10,99990,2002,55,4,1,3,4,6,6,2.6482648264826483,3.0,1.4624666219562008,3,False,48480,48.484848484848484
10,6,1000000,10,999990,5005,220,4,3,1,7,13,13,5.250233502335023,5.0,3.1220983801700033,3,False,935520,93.5529355293553
11,2,121,11,110,66,11,2,2,0,1,4,4,2.9545454545454546,3.0,1.0303253117020295,2,False,80,72.72727272727273
11,3,1331,11,1320,286,11,2,1,1,2,6,6,2.9075757575757577,3.0,1.5252233424193289,1,True,1320,100.0
11,4,14641,11,14630,1001,66,3,1,2,5,4,4,2.0109364319890637,2.0,0.7206669924006982,2,False,7522,51.4149008885851
11,5,161051,11,161040,3003,66,2,1,1,4,8,8,4.040648286140089,4.0,2.0242750542537475,1,True,161040,100.0
11,6,1771561,11,1771550,8008,286,2,1,1,4,17,17,6.072465355197426,5.0,3.460999372894314,1,True,1771550,100.0
12,2,144,12,132,78,12,2,1,1,6,2,2,1.4090909090909092,1.0,0.5767535245658872,1,True,132,100.0
12,3,1728,12,1716,364,12,2,2,0,1,7,7,3.6392773892773893,4.0,1.6354380920389555,1,True,1716,100.0
12,4,20736,12,20724,1365,78,3,1,2,6,7,7,3.015006755452615,3.0,1.4903720620618708,2,False,16012,77.26307662613395
12,5,248832,12,248820,4368,78,3,2,1,2,12,12,6.502037617554859,7.0,2.73807706599409,2,False,244030,98.07491359215497
12,6,2985984,12,2985972,12376,364,3,2,1,10,19,19,7.847066549853783,7.0,4.747326043085805,2,False,2983092,99.90354899510109
13,2,169,13,156,91,13,2,1,1,3,3,3,2.173076923076923,2.0,0.870922451863404,2,False,144,92.3076923076923
13,3,2197,13,2184,455,13,2,1,1,2,7,7,3.3067765567765566,3.0,1.7505179383934426,1,True,2184,100.0
13,4,28561,13,28548,1820,91,4,1,3,6,4,4,1.944409415720891,2.0,0.6692043374346245,3,False,11706,41.00462379150904
13,5,371293,13,371280,6188,91,2,1,1,4,12,12,6.433974358974359,7.0,3.177363783819403,1,True,371280,100.0
13,6,4826809,13,4826796,18564,455,2,2,0,1,20,20,11.47870326402856,12.0,4.390092794636787,1,True,4826796,100.0
14,2,196,14,182,105,14,4,2,2,4,2,2,1.4230769230769231,1.0,0.5665738408713936,3,False,104,57.142857142857146
14,3,2744,14,2730,560,14,2,2,0,1,8,8,4.03040293040293,4.0,1.8568235270323519,1,True,2730,100.0
14,4,38416,14,38402,2380,105,2,1,1,3,9,9,4.10517681370762,3.0,1.9359449073981636,1,True,38402,100.0
14,5,537824,14,537810,8568,105,3,1,2,4,11,11,4.597486101039401,4.0,2.476271956038238,2,False,531100,98.75234748331195
14,6,7529536,14,7529522,27132,560,5,2,3,12,29,29,11.524237660770497,10.0,8.390660240346662,4,False,6300812,83.68143422650203
15,2,225,15,210,120,15,1,1,0,1,5,5,4.266666666666667,5.0,0.9285592184789413,1,True,210,100.0
15,3,3375,15,3360,680,15,2,1,1,2,8,8,3.699404761904762,4.0,1.978334948764019,1,True,3360,100.0
15,4,50625,15,50610,3060,120,8,2,6,4,4,4,1.9268326417704011,2.0,0.6531437400439364,7,False,10052,19.861687413554634
15,5,759375,15,759360,11628,120,2,2,0,1,13,13,6.945808312262958,7.0,3.0097977381356245,1,True,759360,100.0
15,6,11390625,15,11390610,38760,680,3,1,2,9,14,14,6.115337282199987,5.0,3.059061410577524,2,False,9255012,81.25124115389782
16,2,256,16,240,136,16,3,1,2,4,2,2,1.4333333333333333,1.0,0.5587684871413403,2,False,120,50.0
16,3,4096,16,4080,816,16,2,2,0,1,9,9,4.417401960784313,4.0,2.083088091101832,1,True,4080,100.0
16,4,65536,16,65520,3876,136,5,1,4,6,6,6,3.304410866910867,3.0,1.416949579914071,4,False,31536,48.13186813186813
16,5,1048576,16,1048560,15504,136,4,1,3,4,10,10,4.96901560234989,5.0,2.3336782055919474,3,False,719230,68.59216449225605
16,6,16777216,16,16777200,54264,816,7,2,5,5,31,31,11.693942910616789,10.0,7.899121177395811,6,False,12668520,75.51033545526072
