digit_multiset,state_count,x,y,first_result_state,example_state,example_trajectory
0014,12,4,1,4086,0014,0014 -> 4086 -> 8172 -> 7443 -> 3996 -> 6264 -> 4176 -> 6174 -> 6174
0015,12,5,1,5085,0015,0015 -> 5085 -> 7992 -> 7173 -> 6354 -> 3087 -> 8352 -> 6174 -> 6174
0016,12,6,1,6084,0016,0016 -> 6084 -> 8172 -> 7443 -> 3996 -> 6264 -> 4176 -> 6174 -> 6174
0025,12,5,2,5175,0025,0025 -> 5175 -> 5994 -> 5355 -> 1998 -> 8082 -> 8532 -> 6174 -> 6174
0049,12,9,4,9351,0049,0049 -> 9351 -> 8172 -> 7443 -> 3996 -> 6264 -> 4176 -> 6174 -> 6174
0058,12,8,5,8442,0058,0058 -> 8442 -> 5994 -> 5355 -> 1998 -> 8082 -> 8532 -> 6174 -> 6174
0059,12,9,5,9441,0059,0059 -> 9441 -> 7992 -> 7173 -> 6354 -> 3087 -> 8352 -> 6174 -> 6174
0069,12,9,6,9531,0069,0069 -> 9531 -> 8172 -> 7443 -> 3996 -> 6264 -> 4176 -> 6174 -> 6174
0124,24,4,1,4086,0124,0124 -> 4086 -> 8172 -> 7443 -> 3996 -> 6264 -> 4176 -> 6174 -> 6174
0125,24,5,1,5085,0125,0125 -> 5085 -> 7992 -> 7173 -> 6354 -> 3087 -> 8352 -> 6174 -> 6174
0126,24,6,1,6084,0126,0126 -> 6084 -> 8172 -> 7443 -> 3996 -> 6264 -> 4176 -> 6174 -> 6174
0135,24,5,2,5175,0135,0135 -> 5175 -> 5994 -> 5355 -> 1998 -> 8082 -> 8532 -> 6174 -> 6174
0159,24,9,4,9351,0159,0159 -> 9351 -> 8172 -> 7443 -> 3996 -> 6264 -> 4176 -> 6174 -> 6174
0168,24,8,5,8442,0168,0168 -> 8442 -> 5994 -> 5355 -> 1998 -> 8082 -> 8532 -> 6174 -> 6174
0169,24,9,5,9441,0169,0169 -> 9441 -> 7992 -> 7173 -> 6354 -> 3087 -> 8352 -> 6174 -> 6174
0179,24,9,6,9531,0179,0179 -> 9531 -> 8172 -> 7443 -> 3996 -> 6264 -> 4176 -> 6174 -> 6174
0234,24,4,1,4086,0234,0234 -> 4086 -> 8172 -> 7443 -> 3996 -> 6264 -> 4176 -> 6174 -> 6174
0235,24,5,1,5085,0235,0235 -> 5085 -> 7992 -> 7173 -> 6354 -> 3087 -> 8352 -> 6174 -> 6174
0236,24,6,1,6084,0236,0236 -> 6084 -> 8172 -> 7443 -> 3996 -> 6264 -> 4176 -> 6174 -> 6174
0245,24,5,2,5175,0245,0245 -> 5175 -> 5994 -> 5355 -> 1998 -> 8082 -> 8532 -> 6174 -> 6174
0269,24,9,4,9351,0269,0269 -> 9351 -> 8172 -> 7443 -> 3996 -> 6264 -> 4176 -> 6174 -> 6174
0278,24,8,5,8442,0278,0278 -> 8442 -> 5994 -> 5355 -> 1998 -> 8082 -> 8532 -> 6174 -> 6174
0279,24,9,5,9441,0279,0279 -> 9441 -> 7992 -> 7173 -> 6354 -> 3087 -> 8352 -> 6174 -> 6174
0289,24,9,6,9531,0289,0289 -> 9531 -> 8172 -> 7443 -> 3996 -> 6264 -> 4176 -> 6174 -> 6174
0344,12,4,1,4086,0344,0344 -> 4086 -> 8172 -> 7443 -> 3996 -> 6264 -> 4176 -> 6174 -> 6174
0345,24,5,1,5085,0345,0345 -> 5085 -> 7992 -> 7173 -> 6354 -> 3087 -> 8352 -> 6174 -> 6174
0346,24,6,1,6084,0346,0346 -> 6084 -> 8172 -> 7443 -> 3996 -> 6264 -> 4176 -> 6174 -> 6174
0355,12,5,2,5175,0355,0355 -> 5175 -> 5994 -> 5355 -> 1998 -> 8082 -> 8532 -> 6174 -> 6174
0379,24,9,4,9351,0379,0379 -> 9351 -> 8172 -> 7443 -> 3996 -> 6264 -> 4176 -> 6174 -> 6174
0388,12,8,5,8442,0388,0388 -> 8442 -> 5994 -> 5355 -> 1998 -> 8082 -> 8532 -> 6174 -> 6174
0389,24,9,5,9441,0389,0389 -> 9441 -> 7992 -> 7173 -> 6354 -> 3087 -> 8352 -> 6174 -> 6174
0399,12,9,6,9531,0399,0399 -> 9531 -> 8172 -> 7443 -> 3996 -> 6264 -> 4176 -> 6174 -> 6174
0455,12,5,1,5085,0455,0455 -> 5085 -> 7992 -> 7173 -> 6354 -> 3087 -> 8352 -> 6174 -> 6174
0456,24,6,1,6084,0456,0456 -> 6084 -> 8172 -> 7443 -> 3996 -> 6264 -> 4176 -> 6174 -> 6174
0489,24,9,4,9351,0489,0489 -> 9351 -> 8172 -> 7443 -> 3996 -> 6264 -> 4176 -> 6174 -> 6174
0499,12,9,5,9441,0499,0499 -> 9441 -> 7992 -> 7173 -> 6354 -> 3087 -> 8352 -> 6174 -> 6174
0566,12,6,1,6084,0566,0566 -> 6084 -> 8172 -> 7443 -> 3996 -> 6264 -> 4176 -> 6174 -> 6174
0599,12,9,4,9351,0599,0599 -> 9351 -> 8172 -> 7443 -> 3996 -> 6264 -> 4176 -> 6174 -> 6174
1125,12,4,1,4086,1125,1125 -> 4086 -> 8172 -> 7443 -> 3996 -> 6264 -> 4176 -> 6174 -> 6174
1126,12,5,1,5085,1126,1126 -> 5085 -> 7992 -> 7173 -> 6354 -> 3087 -> 8352 -> 6174 -> 6174
1127,12,6,1,6084,1127,1127 -> 6084 -> 8172 -> 7443 -> 3996 -> 6264 -> 4176 -> 6174 -> 6174
1136,12,5,2,5175,1136,1136 -> 5175 -> 5994 -> 5355 -> 1998 -> 8082 -> 8532 -> 6174 -> 6174
1169,12,8,5,8442,1169,1169 -> 8442 -> 5994 -> 5355 -> 1998 -> 8082 -> 8532 -> 6174 -> 6174
1235,24,4,1,4086,1235,1235 -> 4086 -> 8172 -> 7443 -> 3996 -> 6264 -> 4176 -> 6174 -> 6174
1236,24,5,1,5085,1236,1236 -> 5085 -> 7992 -> 7173 -> 6354 -> 3087 -> 8352 -> 6174 -> 6174
1237,24,6,1,6084,1237,1237 -> 6084 -> 8172 -> 7443 -> 3996 -> 6264 -> 4176 -> 6174 -> 6174
1246,24,5,2,5175,1246,1246 -> 5175 -> 5994 -> 5355 -> 1998 -> 8082 -> 8532 -> 6174 -> 6174
1279,24,8,5,8442,1279,1279 -> 8442 -> 5994 -> 5355 -> 1998 -> 8082 -> 8532 -> 6174 -> 6174
1345,24,4,1,4086,1345,1345 -> 4086 -> 8172 -> 7443 -> 3996 -> 6264 -> 4176 -> 6174 -> 6174
1346,24,5,1,5085,1346,1346 -> 5085 -> 7992 -> 7173 -> 6354 -> 3087 -> 8352 -> 6174 -> 6174
1347,24,6,1,6084,1347,1347 -> 6084 -> 8172 -> 7443 -> 3996 -> 6264 -> 4176 -> 6174 -> 6174
1356,24,5,2,5175,1356,1356 -> 5175 -> 5994 -> 5355 -> 1998 -> 8082 -> 8532 -> 6174 -> 6174
1389,24,8,5,8442,1389,1389 -> 8442 -> 5994 -> 5355 -> 1998 -> 8082 -> 8532 -> 6174 -> 6174
1455,12,4,1,4086,1455,1455 -> 4086 -> 8172 -> 7443 -> 3996 -> 6264 -> 4176 -> 6174 -> 6174
1456,24,5,1,5085,1456,1456 -> 5085 -> 7992 -> 7173 -> 6354 -> 3087 -> 8352 -> 6174 -> 6174
1457,24,6,1,6084,1457,1457 -> 6084 -> 8172 -> 7443 -> 3996 -> 6264 -> 4176 -> 6174 -> 6174
1466,12,5,2,5175,1466,1466 -> 5175 -> 5994 -> 5355 -> 1998 -> 8082 -> 8532 -> 6174 -> 6174
1499,12,8,5,8442,1499,1499 -> 8442 -> 5994 -> 5355 -> 1998 -> 8082 -> 8532 -> 6174 -> 6174
1566,12,5,1,5085,1566,1566 -> 5085 -> 7992 -> 7173 -> 6354 -> 3087 -> 8352 -> 6174 -> 6174
1567,24,6,1,6084,1567,1567 -> 6084 -> 8172 -> 7443 -> 3996 -> 6264 -> 4176 -> 6174 -> 6174
1677,12,6,1,6084,1677,1677 -> 6084 -> 8172 -> 7443 -> 3996 -> 6264 -> 4176 -> 6174 -> 6174
2236,12,4,1,4086,2236,2236 -> 4086 -> 8172 -> 7443 -> 3996 -> 6264 -> 4176 -> 6174 -> 6174
2237,12,5,1,5085,2237,2237 -> 5085 -> 7992 -> 7173 -> 6354 -> 3087 -> 8352 -> 6174 -> 6174
2238,12,6,1,6084,2238,2238 -> 6084 -> 8172 -> 7443 -> 3996 -> 6264 -> 4176 -> 6174 -> 6174
2247,12,5,2,5175,2247,2247 -> 5175 -> 5994 -> 5355 -> 1998 -> 8082 -> 8532 -> 6174 -> 6174
2346,24,4,1,4086,2346,2346 -> 4086 -> 8172 -> 7443 -> 3996 -> 6264 -> 4176 -> 6174 -> 6174
2347,24,5,1,5085,2347,2347 -> 5085 -> 7992 -> 7173 -> 6354 -> 3087 -> 8352 -> 6174 -> 6174
2348,24,6,1,6084,2348,2348 -> 6084 -> 8172 -> 7443 -> 3996 -> 6264 -> 4176 -> 6174 -> 6174
2357,24,5,2,5175,2357,2357 -> 5175 -> 5994 -> 5355 -> 1998 -> 8082 -> 8532 -> 6174 -> 6174
2456,24,4,1,4086,2456,2456 -> 4086 -> 8172 -> 7443 -> 3996 -> 6264 -> 4176 -> 6174 -> 6174
2457,24,5,1,5085,2457,2457 -> 5085 -> 7992 -> 7173 -> 6354 -> 3087 -> 8352 -> 6174 -> 6174
2458,24,6,1,6084,2458,2458 -> 6084 -> 8172 -> 7443 -> 3996 -> 6264 -> 4176 -> 6174 -> 6174
2467,24,5,2,5175,2467,2467 -> 5175 -> 5994 -> 5355 -> 1998 -> 8082 -> 8532 -> 6174 -> 6174
2566,12,4,1,4086,2566,2566 -> 4086 -> 8172 -> 7443 -> 3996 -> 6264 -> 4176 -> 6174 -> 6174
2567,24,5,1,5085,2567,2567 -> 5085 -> 7992 -> 7173 -> 6354 -> 3087 -> 8352 -> 6174 -> 6174
2568,24,6,1,6084,2568,2568 -> 6084 -> 8172 -> 7443 -> 3996 -> 6264 -> 4176 -> 6174 -> 6174
2577,12,5,2,5175,2577,2577 -> 5175 -> 5994 -> 5355 -> 1998 -> 8082 -> 8532 -> 6174 -> 6174
2677,12,5,1,5085,2677,2677 -> 5085 -> 7992 -> 7173 -> 6354 -> 3087 -> 8352 -> 6174 -> 6174
2678,24,6,1,6084,2678,2678 -> 6084 -> 8172 -> 7443 -> 3996 -> 6264 -> 4176 -> 6174 -> 6174
2788,12,6,1,6084,2788,2788 -> 6084 -> 8172 -> 7443 -> 3996 -> 6264 -> 4176 -> 6174 -> 6174
3347,12,4,1,4086,3347,3347 -> 4086 -> 8172 -> 7443 -> 3996 -> 6264 -> 4176 -> 6174 -> 6174
3348,12,5,1,5085,3348,3348 -> 5085 -> 7992 -> 7173 -> 6354 -> 3087 -> 8352 -> 6174 -> 6174
3349,12,6,1,6084,3349,3349 -> 6084 -> 8172 -> 7443 -> 3996 -> 6264 -> 4176 -> 6174 -> 6174
3358,12,5,2,5175,3358,3358 -> 5175 -> 5994 -> 5355 -> 1998 -> 8082 -> 8532 -> 6174 -> 6174
3457,24,4,1,4086,3457,3457 -> 4086 -> 8172 -> 7443 -> 3996 -> 6264 -> 4176 -> 6174 -> 6174
3458,24,5,1,5085,3458,3458 -> 5085 -> 7992 -> 7173 -> 6354 -> 3087 -> 8352 -> 6174 -> 6174
3459,24,6,1,6084,3459,3459 -> 6084 -> 8172 -> 7443 -> 3996 -> 6264 -> 4176 -> 6174 -> 6174
3468,24,5,2,5175,3468,3468 -> 5175 -> 5994 -> 5355 -> 1998 -> 8082 -> 8532 -> 6174 -> 6174
3567,24,4,1,4086,3567,3567 -> 4086 -> 8172 -> 7443 -> 3996 -> 6264 -> 4176 -> 6174 -> 6174
3568,24,5,1,5085,3568,3568 -> 5085 -> 7992 -> 7173 -> 6354 -> 3087 -> 8352 -> 6174 -> 6174
3569,24,6,1,6084,3569,3569 -> 6084 -> 8172 -> 7443 -> 3996 -> 6264 -> 4176 -> 6174 -> 6174
3578,24,5,2,5175,3578,3578 -> 5175 -> 5994 -> 5355 -> 1998 -> 8082 -> 8532 -> 6174 -> 6174
3677,12,4,1,4086,3677,3677 -> 4086 -> 8172 -> 7443 -> 3996 -> 6264 -> 4176 -> 6174 -> 6174
3678,24,5,1,5085,3678,3678 -> 5085 -> 7992 -> 7173 -> 6354 -> 3087 -> 8352 -> 6174 -> 6174
3679,24,6,1,6084,3679,3679 -> 6084 -> 8172 -> 7443 -> 3996 -> 6264 -> 4176 -> 6174 -> 6174
3688,12,5,2,5175,3688,3688 -> 5175 -> 5994 -> 5355 -> 1998 -> 8082 -> 8532 -> 6174 -> 6174
3788,12,5,1,5085,3788,3788 -> 5085 -> 7992 -> 7173 -> 6354 -> 3087 -> 8352 -> 6174 -> 6174
3789,24,6,1,6084,3789,3789 -> 6084 -> 8172 -> 7443 -> 3996 -> 6264 -> 4176 -> 6174 -> 6174
3899,12,6,1,6084,3899,3899 -> 6084 -> 8172 -> 7443 -> 3996 -> 6264 -> 4176 -> 6174 -> 6174
4458,12,4,1,4086,4458,4458 -> 4086 -> 8172 -> 7443 -> 3996 -> 6264 -> 4176 -> 6174 -> 6174
4459,12,5,1,5085,4459,4459 -> 5085 -> 7992 -> 7173 -> 6354 -> 3087 -> 8352 -> 6174 -> 6174
4469,12,5,2,5175,4469,4469 -> 5175 -> 5994 -> 5355 -> 1998 -> 8082 -> 8532 -> 6174 -> 6174
4568,24,4,1,4086,4568,4568 -> 4086 -> 8172 -> 7443 -> 3996 -> 6264 -> 4176 -> 6174 -> 6174
4569,24,5,1,5085,4569,4569 -> 5085 -> 7992 -> 7173 -> 6354 -> 3087 -> 8352 -> 6174 -> 6174
4579,24,5,2,5175,4579,4579 -> 5175 -> 5994 -> 5355 -> 1998 -> 8082 -> 8532 -> 6174 -> 6174
4678,24,4,1,4086,4678,4678 -> 4086 -> 8172 -> 7443 -> 3996 -> 6264 -> 4176 -> 6174 -> 6174
4679,24,5,1,5085,4679,4679 -> 5085 -> 7992 -> 7173 -> 6354 -> 3087 -> 8352 -> 6174 -> 6174
4689,24,5,2,5175,4689,4689 -> 5175 -> 5994 -> 5355 -> 1998 -> 8082 -> 8532 -> 6174 -> 6174
4788,12,4,1,4086,4788,4788 -> 4086 -> 8172 -> 7443 -> 3996 -> 6264 -> 4176 -> 6174 -> 6174
4789,24,5,1,5085,4789,4789 -> 5085 -> 7992 -> 7173 -> 6354 -> 3087 -> 8352 -> 6174 -> 6174
4799,12,5,2,5175,4799,4799 -> 5175 -> 5994 -> 5355 -> 1998 -> 8082 -> 8532 -> 6174 -> 6174
4899,12,5,1,5085,4899,4899 -> 5085 -> 7992 -> 7173 -> 6354 -> 3087 -> 8352 -> 6174 -> 6174
5569,12,4,1,4086,5569,5569 -> 4086 -> 8172 -> 7443 -> 3996 -> 6264 -> 4176 -> 6174 -> 6174
5679,24,4,1,4086,5679,5679 -> 4086 -> 8172 -> 7443 -> 3996 -> 6264 -> 4176 -> 6174 -> 6174
5789,24,4,1,4086,5789,5789 -> 4086 -> 8172 -> 7443 -> 3996 -> 6264 -> 4176 -> 6174 -> 6174
5899,12,4,1,4086,5899,5899 -> 4086 -> 8172 -> 7443 -> 3996 -> 6264 -> 4176 -> 6174 -> 6174
